X_mm,Z_mm,path_index
-121.198,144.000,0
-120.998,143.909,0
-120.709,143.775,0
-120.400,143.631,0
-120.055,143.472,0
-119.737,143.322,0
-119.537,143.231,0
-119.337,143.136,0
-119.081,143.015,0
-118.800,142.877,0
-118.456,142.702,0
-118.143,142.541,0
-117.943,142.430,0
-117.743,142.319,0
-117.487,142.162,0
-117.200,141.988,0
-116.933,141.820,0
-116.692,141.669,0
-116.492,141.544,0
-116.292,141.419,0
-115.958,141.239,0
-115.581,141.024,0
-115.270,140.909,0
-115.098,140.825,0
-115.021,140.807,0
-114.703,140.679,0
-114.480,140.631,0
-114.018,140.412,0
-113.588,140.299,0
-113.419,140.168,0
-113.412,140.162,0
-113.396,140.139,0
-113.153,139.805,0
-112.988,139.601,0
-112.820,139.192,0
-112.810,139.176,0
-112.650,138.869,0
-112.602,138.747,0
-112.484,138.391,0
-112.306,138.026,0
-112.147,137.668,0
-112.048,137.508,0
-111.987,137.348,0
-111.866,137.144,0
-111.670,136.727,0
-111.449,136.365,0
-111.319,136.135,0
-111.218,135.971,0
-111.146,135.852,0
-110.987,135.608,0
-110.782,135.278,0
-110.564,134.943,0
-110.438,134.743,0
-110.312,134.543,0
-110.165,134.288,0
-110.000,134.000,0
-109.833,133.695,0
-109.688,133.426,0
-109.587,133.226,0
-109.487,133.026,0
-109.340,132.731,0
-109.176,132.400,0
-109.024,132.090,0
-108.888,131.817,0
-108.793,131.617,0
-108.696,131.417,0
-108.562,131.127,0
-108.408,130.800,0
-108.251,130.436,0
-108.113,130.129,0
-108.031,129.929,0
-107.945,129.729,0
-107.853,129.493,0
-107.730,129.200,0
-107.579,128.800,0
-107.413,128.373,0
-107.303,128.075,0
-107.237,127.899,0
-107.194,127.782,0
-107.100,127.526,0
-106.982,127.210,0
-106.831,126.800,0
-106.655,126.325,0
-106.536,126.004,0
-106.404,125.641,0
-106.394,125.615,0
-106.327,125.443,0
-106.244,125.216,0
-106.091,124.800,0
-105.946,124.400,0
-105.804,124.001,0
-105.690,123.683,0
-105.608,123.444,0
-105.561,123.311,0
-105.500,123.141,0
-105.391,122.831,0
-105.243,122.400,0
-105.104,122.000,0
-104.975,121.624,0
-104.871,121.323,0
-104.800,121.112,0
-104.746,120.957,0
-104.685,120.784,0
-104.565,120.435,0
-104.417,120.000,0
-104.279,119.600,0
-104.156,119.197,0
-104.065,118.918,0
-103.995,118.655,0
-103.962,118.538,0
-103.948,118.280,0
-103.919,118.000,0
-103.930,117.514,0
-103.944,117.200,0
-103.969,116.592,0
-103.979,116.400,0
-103.987,115.724,0
-103.989,115.600,0
-103.986,114.950,0
-103.988,114.800,0
-103.990,114.119,0
-103.992,114.000,0
-103.999,113.589,0
-103.999,113.577,0
-104.006,113.365,0
-104.013,113.185,0
-104.010,112.719,0
-104.013,112.372,0
-104.006,112.095,0
-104.003,111.965,0
-103.986,111.799,0
-103.967,111.596,0
-103.895,111.163,0
-103.834,110.800,0
-103.716,110.400,0
-103.600,110.000,0
-103.469,109.658,0
-103.329,109.297,0
-103.243,109.097,0
-103.157,108.897,0
-103.040,108.639,0
-102.931,108.400,0
-102.757,108.022,0
-102.559,107.586,0
-102.467,107.389,0
-102.390,107.223,0
-102.344,107.122,0
-102.215,106.834,0
-102.019,106.419,0
-101.808,105.964,0
-101.685,105.711,0
-101.616,105.570,0
-101.530,105.413,0
-101.412,105.206,0
-101.193,104.830,0
-100.993,104.502,0
-100.864,104.302,0
-100.731,104.102,0
-100.556,103.846,0
-100.382,103.600,0
-100.219,103.365,0
-100.050,103.129,0
-100.019,103.083,0
-100.000,103.056,0
-100.000,102.373,0
-100.000,102.162,0
-100.000,102.102,0
-100.000,102.028,0
-100.000,101.122,0
-100.000,100.960,0
-100.000,100.809,0
-100.000,100.168,0
-100.000,99.968,0
-100.000,99.844,0
-100.000,99.612,0
-100.000,99.147,0
-100.000,99.063,0
-100.000,98.797,0
-100.000,98.470,0
-100.000,98.444,0
-100.000,98.156,0
-100.000,98.017,0
-100.000,98.010,0
-100.000,97.924,0
-100.000,97.619,0
-100.000,97.514,0
-100.000,97.482,0
-100.000,97.468,0
-100.000,97.446,0
-100.000,97.416,0
-100.000,97.096,0
-100.000,97.090,0
-100.000,97.079,0
-100.000,96.751,0
-100.000,96.439,0
-100.000,96.153,0
-100.000,94.901,0
-100.000,94.634,0
-100.000,94.378,0
-100.000,94.140,0
-100.000,93.922,0
-100.000,93.730,0
-100.000,93.567,0
-100.000,93.435,0
-100.000,89.784,0
-100.000,89.134,0
-100.000,89.110,0
-100.000,89.081,0
-100.000,89.047,0
-100.000,89.008,0
-100.000,88.965,0
-100.000,88.920,0
-100.000,88.872,0
-100.000,88.824,0
-100.000,88.775,0
-100.000,88.726,0
-100.000,88.679,0
-100.000,88.635,0
-100.000,87.312,0
-100.000,87.270,0
-100.000,87.226,0
-100.000,87.180,0
-100.000,87.133,0
-100.000,87.086,0
-100.000,87.040,0
-100.000,86.995,0
-100.000,86.953,0
-100.000,86.914,0
-100.000,85.701,0
-93.017,85.701,0
-90.576,85.701,0
-88.688,85.701,0
-87.170,85.701,0
-86.609,85.701,0
-85.190,85.701,0
-84.440,85.701,0
-83.259,85.701,0
-83.259,85.621,0
-83.259,85.613,0
-83.259,85.601,0
-83.259,85.571,0
-83.259,85.517,0
-83.259,85.382,0
-83.259,85.200,0
-83.259,84.800,0
-83.258,84.400,0
-83.258,84.000,0
-83.258,83.600,0
-83.258,83.200,0
-83.258,82.800,0
-83.258,82.400,0
-83.258,82.000,0
-83.258,81.600,0
-83.258,81.200,0
-83.258,80.800,0
-83.258,80.400,0
-83.258,80.000,0
-83.258,79.907,0
-86.381,79.907,0
-100.000,79.907,0
-100.000,79.392,0
-100.000,79.352,0
-100.000,79.307,0
-100.000,76.881,0
-100.000,76.687,0
-100.000,74.985,0
-100.000,73.713,0
-100.000,73.437,0
-100.000,73.142,0
-100.000,72.107,0
-100.000,71.222,0
-100.000,70.915,0
-100.000,70.634,0
-100.000,70.595,0
-100.000,70.510,0
-100.000,70.371,0
-100.000,70.172,0
-100.000,69.997,0
-100.000,69.759,0
-100.000,69.456,0
-100.000,69.092,0
-100.000,68.979,0
-100.000,68.582,0
-100.000,68.150,0
-100.000,68.061,0
-100.000,67.976,0
-100.000,67.536,0
-100.000,67.098,0
-100.000,66.686,0
-100.000,66.592,0
-100.000,66.508,0
-100.000,66.110,0
-100.000,65.765,0
-100.000,65.484,0
-100.000,65.270,0
-100.000,65.121,0
-100.000,65.031,0
-100.000,64.993,0
-100.000,64.026,0
-100.000,62.739,0
-100.000,62.477,0
-100.000,62.237,0
-100.000,60.581,0
-100.000,60.408,0
-100.000,58.110,0
-100.000,58.070,0
-100.000,57.555,0
-97.176,57.555,0
-93.760,57.555,0
-84.896,57.555,0
-84.880,57.244,0
-84.878,57.200,0
-84.857,56.800,0
-84.834,56.365,0
-84.816,56.014,0
-84.807,55.846,0
-84.800,55.693,0
-84.789,55.475,0
-84.671,55.268,0
-84.657,55.243,0
-84.718,55.182,0
-84.823,55.077,0
-84.900,55.000,0
-84.900,54.200,0
-84.900,54.000,0
-85.002,53.898,0
-85.054,53.846,0
-85.084,53.833,0
-85.200,53.783,0
-85.566,53.764,0
-85.874,53.742,0
-86.074,53.635,0
-86.274,53.538,0
-86.508,53.362,0
-86.835,53.138,0
-87.063,52.953,0
-87.228,52.827,0
-87.332,52.701,0
-87.553,52.435,0
-87.732,52.204,0
-87.957,51.926,0
-88.067,51.726,0
-88.180,51.526,0
-88.369,51.153,0
-88.553,50.800,0
-88.659,50.576,0
-88.773,50.343,0
-88.867,50.143,0
-88.961,49.943,0
-89.138,49.567,0
-89.313,49.200,0
-89.430,48.949,0
-89.551,48.696,0
-89.645,48.496,0
-89.737,48.296,0
-89.901,47.946,0
-90.060,47.600,0
-90.190,47.315,0
-90.324,47.019,0
-90.407,46.818,0
-90.488,46.619,0
-90.565,46.303,0
-90.618,46.000,0
-90.571,45.718,0
-90.530,45.463,0
-90.319,45.263,0
-90.096,45.063,0
-89.991,44.973,0
-89.956,44.944,0
-89.958,44.942,0
-89.989,44.911,0
-90.120,44.780,0
-90.241,44.659,0
-90.301,44.599,0
-90.400,44.500,0
-90.500,44.400,0
-90.900,44.000,0
-90.900,43.954,0
-90.900,43.942,0
-90.900,43.934,0
-90.900,43.772,0
-91.279,43.636,0
-91.589,43.571,0
-91.980,43.232,0
-92.005,43.208,0
-92.098,43.010,0
-92.203,42.816,0
-92.426,42.424,0
-92.617,42.054,0
-92.729,41.854,0
-92.828,41.654,0
-92.940,41.430,0
-93.051,41.200,0
-93.237,40.812,0
-93.422,40.420,0
-93.516,40.220,0
-93.609,40.020,0
-93.711,39.808,0
-93.809,39.600,0
-93.999,39.200,0
-94.189,38.800,0
-94.287,38.590,0
-94.389,38.376,0
-94.483,38.176,0
-94.576,37.976,0
-94.759,37.586,0
-94.939,37.200,0
-95.049,36.964,0
-95.163,36.721,0
-95.257,36.521,0
-95.351,36.321,0
-95.521,35.957,0
-95.689,35.600,0
-95.812,35.338,0
-95.938,35.068,0
-96.032,34.868,0
-96.126,34.668,0
-96.284,34.330,0
-96.439,34.000,0
-96.574,33.711,0
-96.713,33.415,0
-96.807,33.215,0
-96.901,33.015,0
-97.047,32.704,0
-97.189,32.400,0
-97.337,32.084,0
-97.488,31.761,0
-97.582,31.561,0
-97.676,31.361,0
-97.809,31.077,0
-97.939,30.800,0
-98.100,30.458,0
-98.263,30.110,0
-98.357,29.910,0
-98.452,29.710,0
-98.572,29.452,0
-98.689,29.200,0
-98.862,28.830,0
-99.038,28.450,0
-99.131,28.250,0
-99.223,28.050,0
-99.331,27.819,0
-99.432,27.600,0
-99.618,27.204,0
-99.824,26.759,0
-99.908,26.581,0
-100.000,26.400,0
-100.001,26.398,0
-100.163,26.031,0
-100.331,25.675,0
-100.549,25.200,0
-100.653,24.975,0
-100.767,24.707,0
-100.846,24.507,0
-100.915,24.307,0
-101.048,23.933,0
-101.130,23.600,0
-101.214,23.200,0
-101.244,22.800,0
-101.240,22.792,0
-101.203,22.697,0
-101.303,22.597,0
-101.400,22.500,0
-101.500,22.400,0
-101.900,22.000,0
-102.300,21.600,0
-102.400,21.500,0
-103.200,21.500,0
-103.400,21.500,0
-103.500,21.400,0
-103.900,21.000,0
-103.925,20.975,0
-103.970,20.930,0
-103.978,20.922,0
-104.000,20.920,0
-104.400,20.883,0
-104.719,20.854,0
-105.052,20.823,0
-105.252,20.805,0
-105.452,20.786,0
-105.733,20.756,0
-106.000,20.727,0
-106.400,20.670,0
-106.800,20.613,0
-107.200,20.534,0
-107.600,20.454,0
-108.000,20.360,0
-108.400,20.267,0
-108.776,20.176,0
-109.161,20.085,0
-109.361,20.037,0
-109.561,19.991,0
-109.786,19.944,0
-110.000,19.912,0
-110.400,19.853,0
-110.800,19.814,0
-111.200,19.788,0
-111.600,19.770,0
-112.000,19.751,0
-112.400,19.731,0
-112.800,19.697,0
-113.200,19.661,0
-113.600,19.586,0
-114.000,19.512,0
-114.292,19.419,0
-114.630,19.306,0
-114.830,19.210,0
-115.030,19.115,0
-115.395,18.862,0
-115.632,18.692,0
-115.987,18.415,0
-116.003,18.403,0
-116.135,18.223,0
-116.273,18.032,0
-116.505,17.658,0
-116.695,17.333,0
-116.775,17.133,0
-116.849,16.933,0
-116.898,16.675,0
-116.944,16.400,0
-116.977,16.000,0
-116.998,15.600,0
-117.004,15.200,0
-117.007,14.800,0
-117.007,14.400,0
-117.007,14.000,0
-117.007,13.600,0
-117.008,13.200,0
-117.008,12.800,0
-117.008,12.400,0
-117.008,12.000,0
-117.008,11.600,0
-117.008,11.200,0
-117.008,10.800,0
-117.008,10.400,0
-117.008,10.000,0
-117.009,9.600,0
-117.009,9.200,0
-117.009,8.800,0
-117.009,8.400,0
-117.009,8.239,0
-117.009,8.056,0
-117.009,8.000,0
-117.010,7.890,0
-117.266,7.634,0
-117.317,7.583,0
-117.400,7.500,0
-117.440,7.460,0
-117.600,7.300,0
-117.600,7.109,0
-117.600,4.436,0
-117.600,4.421,0
-117.600,4.405,0
-117.600,4.378,0
-117.600,4.348,0
-117.600,4.321,0
-117.600,4.290,0
-117.600,4.259,0
-117.600,4.222,0
-117.600,3.710,0
-117.600,3.568,0
-117.600,3.261,0
-117.600,3.252,0
-117.600,2.584,0
-117.502,2.587,0
-117.495,2.587,0
-117.492,2.587,0
-117.487,2.587,0
-117.478,2.588,0
-117.467,2.588,0
-117.454,2.588,0
-117.443,2.589,0
-117.435,2.589,0
-117.419,2.589,0
-117.393,2.590,0
-117.360,2.591,0
-117.317,2.592,0
-117.288,2.593,0
-117.247,2.594,0
-117.200,2.596,0
-116.800,2.607,0
-116.400,2.618,0
-116.000,2.670,0
-115.600,2.725,0
-115.349,2.889,0
-115.105,3.010,0
-115.054,3.328,0
-115.009,3.600,0
-115.009,4.000,0
-115.009,4.400,0
-115.009,4.800,0
-115.009,5.200,0
-115.009,5.600,0
-115.009,6.000,0
-115.009,6.400,0
-115.009,6.800,0
-115.009,7.200,0
-115.009,7.600,0
-115.008,8.000,0
-115.008,8.400,0
-115.008,8.800,0
-115.008,9.200,0
-115.008,9.600,0
-115.007,10.000,0
-115.007,10.400,0
-115.007,10.800,0
-115.007,11.200,0
-115.007,11.600,0
-115.007,12.000,0
-115.007,12.400,0
-115.007,12.800,0
-115.007,13.200,0
-115.006,13.600,0
-115.006,14.000,0
-115.006,14.400,0
-115.006,14.800,0
-115.006,15.200,0
-115.006,15.600,0
-114.989,16.000,0
-114.944,16.400,0
-114.795,16.737,0
-114.641,17.048,0
-114.270,17.271,0
-113.975,17.447,0
-113.630,17.564,0
-113.541,17.591,0
-113.330,17.623,0
-113.140,17.652,0
-112.704,17.700,0
-112.400,17.724,0
-112.000,17.740,0
-111.600,17.756,0
-111.200,17.772,0
-110.800,17.789,0
-110.400,17.816,0
-110.000,17.864,0
-109.600,17.930,0
-109.200,18.017,0
-108.800,18.113,0
-108.400,18.210,0
-108.104,18.281,0
-107.806,18.353,0
-107.606,18.401,0
-107.406,18.450,0
-107.102,18.520,0
-106.800,18.590,0
-106.400,18.657,0
-106.000,18.723,0
-105.600,18.763,0
-105.200,18.802,0
-104.800,18.839,0
-104.400,18.875,0
-104.000,18.912,0
-103.600,18.948,0
-103.200,18.985,0
-102.800,19.021,0
-102.400,19.058,0
-102.000,19.094,0
-101.617,19.129,0
-101.226,19.165,0
-101.026,19.184,0
-100.826,19.202,0
-100.609,19.223,0
-100.400,19.245,0
-100.000,19.285,0
-99.600,19.325,0
-99.215,19.505,0
-98.849,19.683,0
-98.829,20.042,0
-98.867,20.431,0
-98.971,20.796,0
-99.099,21.200,0
-99.054,21.482,0
-99.017,22.000,0
-99.063,22.362,0
-99.114,22.657,0
-99.187,22.955,0
-99.223,23.111,0
-99.223,23.189,0
-99.216,23.237,0
-99.125,23.418,0
-99.044,23.605,0
-98.888,24.040,0
-98.725,24.400,0
-98.601,24.671,0
-98.470,24.950,0
-98.376,25.150,0
-98.283,25.350,0
-98.129,25.679,0
-97.978,26.000,0
-97.839,26.298,0
-97.695,26.604,0
-97.602,26.804,0
-97.508,27.004,0
-97.367,27.306,0
-97.229,27.600,0
-97.076,27.928,0
-96.921,28.261,0
-96.829,28.461,0
-96.735,28.661,0
-96.607,28.932,0
-96.481,29.200,0
-96.314,29.552,0
-96.146,29.911,0
-96.052,30.111,0
-95.958,30.311,0
-95.842,30.559,0
-95.730,30.800,0
-95.552,31.179,0
-95.371,31.565,0
-95.277,31.765,0
-95.184,31.965,0
-95.080,32.186,0
-94.980,32.400,0
-94.792,32.800,0
-94.605,33.200,0
-94.509,33.405,0
-94.409,33.618,0
-94.315,33.818,0
-94.221,34.018,0
-94.036,34.413,0
-93.855,34.800,0
-93.746,35.032,0
-93.634,35.272,0
-93.540,35.472,0
-93.446,35.672,0
-93.274,36.039,0
-93.105,36.400,0
-92.983,36.659,0
-92.858,36.925,0
-92.765,37.125,0
-92.670,37.325,0
-92.510,37.666,0
-92.354,38.000,0
-92.220,38.285,0
-92.083,38.578,0
-91.988,38.778,0
-91.889,38.978,0
-91.741,39.293,0
-91.596,39.600,0
-91.452,39.915,0
-91.307,40.240,0
-91.211,40.440,0
-91.118,40.640,0
-90.973,40.925,0
-90.797,41.200,0
-90.641,41.535,0
-90.478,41.806,0
-90.397,42.006,0
-90.210,42.207,0
-90.000,42.416,0
-89.871,42.607,0
-89.562,42.603,0
-89.257,42.603,0
-88.858,42.310,0
-88.824,42.267,0
-88.896,42.017,0
-88.789,41.762,0
-88.791,41.727,0
-88.791,41.554,0
-88.800,41.510,0
-88.907,41.105,0
-88.983,40.875,0
-89.090,40.398,0
-89.185,40.000,0
-89.251,39.600,0
-89.338,39.200,0
-89.416,38.839,0
-89.506,38.447,0
-89.556,38.229,0
-89.600,38.037,0
-89.654,37.802,0
-89.706,37.579,0
-89.799,37.169,0
-89.884,36.800,0
-89.976,36.400,0
-90.065,36.000,0
-90.153,35.606,0
-90.206,35.196,0
-90.300,34.800,0
-90.269,34.577,0
-90.386,34.245,0
-90.402,33.853,0
-90.405,33.722,0
-90.405,33.599,0
-90.405,33.592,0
-90.109,33.420,0
-90.000,33.306,0
-89.667,33.102,0
-89.410,32.932,0
-89.172,32.801,0
-88.966,32.689,0
-88.663,32.566,0
-88.400,32.455,0
-88.038,32.295,0
-87.739,32.178,0
-87.410,31.998,0
-87.294,31.933,0
-87.022,31.933,0
-86.968,31.939,0
-86.824,32.016,0
-86.653,32.344,0
-86.412,32.428,0
-86.329,32.555,0
-86.296,32.657,0
-86.270,33.200,0
-86.255,33.381,0
-86.148,33.996,0
-86.098,34.381,0
-85.932,34.800,0
-85.826,35.084,0
-85.685,35.378,0
-85.590,35.578,0
-85.494,35.778,0
-85.343,36.093,0
-85.196,36.400,0
-85.051,36.702,0
-84.902,37.012,0
-84.806,37.212,0
-84.710,37.412,0
-84.567,37.709,0
-84.427,38.000,0
-84.274,38.319,0
-84.117,38.644,0
-84.021,38.844,0
-83.925,39.044,0
-83.790,39.326,0
-83.658,39.600,0
-83.497,39.935,0
-83.333,40.276,0
-83.237,40.476,0
-83.141,40.676,0
-83.012,40.942,0
-82.886,41.200,0
-82.718,41.546,0
-82.546,41.897,0
-82.447,42.097,0
-82.348,42.297,0
-82.148,42.517,0
-81.948,42.733,0
-81.658,42.933,0
-81.373,43.133,0
-81.252,43.368,0
-81.097,43.600,0
-81.216,43.858,0
-81.325,44.133,0
-81.646,44.287,0
-82.000,44.458,0
-82.295,44.599,0
-82.556,44.725,0
-82.756,44.821,0
-82.956,44.918,0
-83.261,45.065,0
-83.600,45.228,0
-84.030,45.385,0
-84.378,45.518,0
-84.650,45.588,0
-84.749,45.612,0
-84.788,45.612,0
-84.827,45.612,0
-84.992,45.535,0
-85.192,45.442,0
-85.627,45.239,0
-86.000,45.065,0
-86.228,44.958,0
-86.483,44.839,0
-86.683,44.746,0
-86.883,44.652,0
-87.255,44.496,0
-87.600,44.368,0
-87.986,44.448,0
-88.343,44.515,0
-88.539,44.871,0
-88.747,45.236,0
-88.659,45.654,0
-88.620,45.963,0
-88.423,46.381,0
-88.227,46.800,0
-88.125,47.017,0
-88.020,47.242,0
-87.926,47.442,0
-87.832,47.642,0
-87.652,48.025,0
-87.476,48.400,0
-87.362,48.644,0
-87.244,48.895,0
-87.151,49.095,0
-87.057,49.295,0
-86.890,49.651,0
-86.727,50.000,0
-86.600,50.271,0
-86.470,50.549,0
-86.362,50.749,0
-86.261,50.949,0
-86.061,51.207,0
-85.861,51.470,0
-85.488,51.686,0
-85.228,51.876,0
-84.907,51.990,0
-84.847,52.016,0
-84.677,52.106,0
-84.427,52.192,0
-84.000,52.223,0
-83.600,52.205,0
-83.260,52.316,0
-82.923,52.424,0
-82.792,52.811,0
-82.666,53.200,0
-82.686,53.600,0
-82.707,54.000,0
-82.728,54.400,0
-82.749,54.800,0
-82.770,55.200,0
-82.791,55.600,0
-82.812,56.000,0
-82.833,56.400,0
-82.854,56.800,0
-82.874,57.200,0
-82.891,57.519,0
-82.895,57.600,0
-82.916,58.000,0
-82.927,58.200,0
-82.942,58.500,0
-82.958,58.800,0
-82.979,59.200,0
-83.000,59.600,0
-83.026,60.100,0
-83.035,60.267,0
-83.042,60.400,0
-83.063,60.800,0
-83.083,61.200,0
-83.104,61.600,0
-83.125,62.000,0
-83.146,62.400,0
-83.169,62.831,0
-83.185,63.143,0
-83.194,63.316,0
-83.201,63.452,0
-83.213,63.685,0
-83.230,64.005,0
-83.250,64.400,0
-83.270,64.800,0
-83.291,65.200,0
-83.311,65.600,0
-83.331,66.000,0
-83.352,66.400,0
-83.372,66.800,0
-83.392,67.200,0
-83.412,67.600,0
-83.433,68.000,0
-83.453,68.400,0
-83.471,68.800,0
-83.488,69.200,0
-83.483,69.600,0
-83.477,70.000,0
-83.451,70.400,0
-83.425,70.800,0
-83.397,71.200,0
-83.370,71.600,0
-83.343,72.000,0
-83.316,72.400,0
-83.288,72.800,0
-83.261,73.200,0
-83.241,73.502,0
-83.217,73.815,0
-83.203,74.015,0
-83.185,74.215,0
-82.985,74.504,0
-82.785,74.781,0
-82.550,74.981,0
-82.315,75.181,0
-82.115,75.246,0
-81.915,75.314,0
-81.669,75.514,0
-81.429,75.714,0
-81.342,76.057,0
-81.258,76.400,0
-81.258,76.533,0
-81.258,76.800,0
-81.258,77.000,0
-81.258,77.600,0
-81.258,78.200,0
-81.258,78.400,0
-81.258,78.500,0
-81.258,78.560,0
-81.258,78.600,0
-81.258,78.629,0
-81.258,78.650,0
-81.258,79.400,0
-81.258,79.600,0
-81.258,79.696,0
-81.258,79.907,0
-81.258,80.342,0
-81.258,80.400,0
-81.258,80.800,0
-81.258,81.200,0
-81.258,81.600,0
-81.258,82.000,0
-81.258,82.400,0
-81.258,82.800,0
-81.258,83.200,0
-81.258,83.600,0
-81.258,84.000,0
-81.258,84.400,0
-81.258,84.800,0
-81.258,85.200,0
-81.258,85.333,0
-81.258,85.600,0
-81.258,86.000,0
-81.259,86.800,0
-81.259,87.200,0
-81.259,87.600,0
-81.274,88.000,0
-81.297,88.400,0
-81.385,88.728,0
-81.468,89.026,0
-81.578,89.226,0
-81.696,89.426,0
-81.896,89.674,0
-82.096,89.949,0
-82.458,90.129,0
-82.800,90.308,0
-83.200,90.293,0
-83.600,90.289,0
-83.891,90.310,0
-84.158,90.331,0
-84.358,90.426,0
-84.558,90.533,0
-84.797,90.733,0
-85.045,90.933,0
-85.255,91.306,0
-85.445,91.634,0
-85.543,91.911,0
-85.589,92.036,0
-85.640,92.201,0
-85.704,92.403,0
-85.851,92.835,0
-85.979,93.200,0
-86.117,93.468,0
-86.265,93.743,0
-86.513,93.943,0
-86.758,94.143,0
-86.958,94.286,0
-87.158,94.430,0
-87.374,94.585,0
-87.600,94.748,0
-87.862,94.936,0
-88.115,95.118,0
-88.315,95.261,0
-88.593,95.461,0
-89.272,95.948,0
-89.472,96.092,0
-89.642,96.214,0
-89.731,96.278,0
-90.000,96.471,0
-90.188,96.605,0
-90.271,96.665,0
-90.420,96.772,0
-90.629,96.923,0
-90.829,97.066,0
-91.308,97.410,0
-91.726,97.710,0
-92.026,97.925,0
-92.265,98.097,0
-92.544,98.297,0
-92.744,98.440,0
-92.967,98.601,0
-93.200,98.769,0
-93.451,98.952,0
-93.693,99.128,0
-93.893,99.286,0
-94.093,99.445,0
-94.337,99.645,0
-94.582,99.845,0
-94.782,100.021,0
-94.982,100.196,0
-95.198,100.396,0
-95.415,100.596,0
-95.615,100.791,0
-95.815,100.984,0
-96.008,101.184,0
-96.202,101.384,0
-96.402,101.607,0
-96.602,101.829,0
-96.768,102.029,0
-96.938,102.229,0
-97.138,102.497,0
-97.338,102.758,0
-97.482,102.958,0
-97.630,103.158,0
-97.782,103.378,0
-97.936,103.600,0
-98.122,103.867,0
-98.306,104.135,0
-98.450,104.335,0
-98.589,104.535,0
-98.789,104.809,0
-98.989,105.095,0
-99.133,105.295,0
-99.271,105.495,0
-99.432,105.754,0
-99.580,106.000,0
-99.739,106.286,0
-99.909,106.601,0
-99.999,106.801,0
-100.090,107.001,0
-100.230,107.315,0
-100.361,107.600,0
-100.509,107.930,0
-100.671,108.279,0
-100.762,108.479,0
-100.855,108.679,0
-100.980,108.950,0
-101.097,109.200,0
-101.266,109.568,0
-101.442,109.955,0
-101.531,110.155,0
-101.619,110.355,0
-101.704,110.587,0
-101.782,110.800,0
-101.879,111.200,0
-101.978,111.600,0
-102.002,112.000,0
-102.033,112.400,0
-102.016,112.800,0
-102.013,113.200,0
-101.992,113.600,0
-101.985,114.000,0
-101.979,114.400,0
-101.978,114.800,0
-101.977,115.200,0
-101.975,115.600,0
-101.967,116.000,0
-101.966,116.400,0
-101.940,116.800,0
-101.933,117.200,0
-101.890,117.600,0
-101.867,118.000,0
-101.892,118.400,0
-101.916,118.800,0
-102.035,119.200,0
-102.155,119.634,0
-102.279,119.993,0
-102.341,120.172,0
-102.393,120.324,0
-102.467,120.538,0
-102.566,120.826,0
-102.695,121.200,0
-102.833,121.600,0
-102.980,122.028,0
-103.093,122.353,0
-103.154,122.532,0
-103.199,122.660,0
-103.283,122.904,0
-103.387,123.203,0
-103.524,123.600,0
-103.666,124.000,0
-103.813,124.421,0
-103.911,124.696,0
-103.974,124.873,0
-104.007,124.964,0
-104.111,125.251,0
-104.227,125.569,0
-104.385,126.000,0
-104.554,126.458,0
-104.672,126.778,0
-104.794,127.111,0
-104.814,127.163,0
-104.879,127.340,0
-104.969,127.585,0
-105.122,128.000,0
-105.269,128.400,0
-105.408,128.778,0
-105.521,129.084,0
-105.599,129.297,0
-105.655,129.449,0
-105.727,129.624,0
-105.856,129.965,0
-106.044,130.400,0
-106.218,130.828,0
-106.316,131.048,0
-106.390,131.222,0
-106.416,131.279,0
-106.557,131.593,0
-106.723,131.941,0
-106.955,132.436,0
-107.089,132.707,0
-107.167,132.866,0
-107.245,133.022,0
-107.348,133.230,0
-107.537,133.609,0
-107.731,134.000,0
-107.856,134.253,0
-107.965,134.471,0
-108.066,134.671,0
-108.171,134.871,0
-108.393,135.253,0
-108.593,135.602,0
-108.754,135.871,0
-108.818,135.973,0
-108.930,136.130,0
-109.084,136.364,0
-109.307,136.705,0
-109.485,136.979,0
-109.616,137.179,0
-109.736,137.379,0
-109.952,137.698,0
-110.073,138.036,0
-110.248,138.562,0
-110.243,138.803,0
-110.288,139.531,0
-110.254,139.600,0
-109.981,139.972,0
-109.846,140.123,0
-109.652,140.201,0
-109.200,140.382,0
-108.786,140.559,0
-108.556,140.657,0
-108.365,140.739,0
-108.096,140.854,0
-108.024,140.885,0
-107.600,141.066,0
-107.135,141.266,0
-106.800,141.409,0
-106.393,141.583,0
-106.380,141.589,0
-106.071,141.799,0
-105.934,141.883,0
-105.666,142.149,0
-105.566,142.295,0
-105.566,142.418,0
-105.573,142.464,0
-105.775,142.623,0
-105.980,142.823,0
-106.088,143.331,0
-106.211,143.525,0
-106.400,143.880,0
-106.460,143.953,0
-106.627,144.124,0
-106.781,144.411,0
-106.912,144.714,0
-106.973,145.226,0
-107.079,145.622,0
-107.101,146.000,0
-107.158,146.209,0
-107.190,146.417,0
-107.395,146.432,0
-107.600,146.458,0
-107.832,146.449,0
-108.088,146.441,0
-108.288,146.348,0
-108.488,146.254,0
-108.856,146.082,0
-109.200,145.922,0
-109.460,145.800,0
-109.744,145.667,0
-109.944,145.574,0
-110.144,145.480,0
-110.484,145.322,0
-110.800,145.174,0
-111.088,145.039,0
-111.400,144.894,0
-111.600,144.800,0
-111.800,144.707,0
-112.180,144.453,0
-112.439,144.279,0
-112.791,144.009,0
-112.801,144.001,0
-112.860,143.734,0
-112.927,143.600,0
-113.103,143.204,0
-113.296,142.942,0
-113.704,142.824,0
-114.020,142.658,0
-114.400,142.779,0
-114.800,142.826,0
-115.047,142.997,0
-115.273,143.153,0
-115.473,143.274,0
-115.673,143.405,0
-116.001,143.605,0
-116.321,143.805,0
-116.521,143.928,0
-116.721,144.048,0
-116.945,144.172,0
-117.200,144.316,0
-117.556,144.501,0
-117.884,144.668,0
-118.084,144.764,0
-118.284,144.852,0
-118.528,144.967,0
-118.800,145.090,0
-119.180,145.269,0
-119.543,145.438,0
-119.743,145.533,0
-119.943,145.627,0
-120.163,145.728,0
-120.400,145.838,0
-120.800,146.021,0
-121.236,146.221,0
-121.447,146.317,0
-121.615,146.393,0
-121.693,146.429,0
-121.979,146.559,0
-122.351,146.727,0
-122.833,146.959,0
-123.101,147.081,0
-123.277,147.163,0
-123.407,147.226,0
-123.638,147.355,0
-124.078,147.599,0
-124.406,147.788,0
-124.772,147.993,0
-124.792,148.005,0
-124.956,148.128,0
-125.174,148.267,0
-125.521,148.498,0
-125.791,148.675,0
-125.991,148.803,0
-126.191,148.935,0
-126.470,149.093,0
-126.831,149.303,0
-127.132,149.459,0
-127.305,149.552,0
-127.432,149.609,0
-127.676,149.717,0
-127.997,149.859,0
-128.400,150.037,0
-128.787,150.192,0
-129.068,150.315,0
-129.304,150.414,0
-129.434,150.469,0
-129.641,150.516,0
-129.985,150.629,0
-130.400,150.727,0
-130.800,150.825,0
-131.200,150.929,0
-131.595,151.025,0
-131.953,151.120,0
-132.144,151.167,0
-132.268,151.200,0
-132.534,151.271,0
-132.732,151.322,0
-133.176,151.439,0
-133.600,151.547,0
-134.000,151.649,0
-134.400,151.751,0
-134.786,151.849,0
-135.117,151.934,0
-135.296,151.979,0
-135.377,152.000,0
-135.699,152.082,0
-135.898,152.133,0
-136.371,152.253,0
-136.800,152.355,0
-137.200,152.462,0
-137.600,152.547,0
-137.961,152.641,0
-138.318,152.719,0
-138.509,152.771,0
-138.622,152.799,0
-138.943,152.884,0
-139.174,152.945,0
-139.621,153.062,0
-140.000,153.157,0
-140.400,153.263,0
-140.815,153.370,0
-141.200,153.472,0
-141.398,153.524,0
-141.641,153.588,0
-141.683,153.600,0
-142.091,153.711,0
-142.336,153.778,0
-142.816,153.908,0
-143.200,154.012,0
-143.574,154.114,0
-144.031,154.238,0
-144.274,154.304,0
-144.626,154.400,0
-144.717,154.425,0
-144.966,154.492,0
-145.200,154.556,0
-145.571,154.657,0
-146.018,154.779,0
-146.457,154.898,0
-146.800,154.991,0
-147.118,155.075,0
-147.382,155.145,0
-147.605,155.199,0
-147.824,155.252,0
-148.102,155.314,0
-148.400,155.380,0
-148.767,155.460,0
-149.190,155.551,0
-149.600,155.634,0
-149.976,155.711,0
-150.385,155.794,0
-150.800,155.872,0
-151.008,155.924,0
-151.291,155.975,0
-151.378,155.998,0
-151.723,156.094,0
-151.940,156.161,0
-152.399,156.286,0
-152.800,156.405,0
-153.203,156.521,0
-153.613,156.615,0
-154.000,156.700,0
-154.221,156.736,0
-154.500,156.780,0
-154.624,156.800,0
-154.956,156.852,0
-155.268,156.897,0
-155.600,156.947,0
-155.965,157.009,0
-156.385,157.070,0
-156.800,157.170,0
-157.200,157.253,0
-157.688,157.396,0
-157.968,157.473,0
-158.398,157.600,0
-158.399,157.600,0
-158.628,157.649,0
-158.800,157.695,0
-159.153,157.769,0
-159.580,157.866,0
-160.000,157.934,0
-160.400,158.008,0
-160.800,158.057,0
-161.215,158.117,0
-161.644,158.165,0
-162.000,158.203,0
-162.341,158.238,0
-162.800,158.282,0
-163.049,158.305,0
-163.600,158.357,0
-163.714,158.367,0
-164.027,158.396,0
-164.066,158.400,0
-164.516,158.442,0
-164.911,158.479,0
-165.200,158.505,0
-165.673,158.549,0
-166.000,158.580,0
-166.432,158.607,0
-166.800,158.637,0
-167.235,158.639,0
-167.600,158.648,0
-168.049,158.638,0
-168.400,158.631,0
-168.863,158.622,0
-169.200,158.615,0
-169.672,158.610,0
-170.000,158.605,0
-170.465,158.608,0
-170.800,158.607,0
-171.273,158.598,0
-171.600,158.584,0
-172.142,158.543,0
-172.400,158.520,0
-173.074,158.459,0
-173.200,158.447,0
-173.977,158.408,0
-174.000,158.407,0
-174.781,158.406,0
-174.800,158.406,0
-175.370,158.406,0
-175.390,158.406,0
-175.630,158.401,0
-175.913,158.397,0
-175.922,158.397,0
-176.400,158.341,0
-176.571,158.312,0
-177.200,158.196,0
-177.602,158.105,0
-178.000,158.018,0
-178.394,157.940,0
-178.823,157.869,0
-179.276,157.806,0
-179.600,157.764,0
-180.237,157.682,0
-180.400,157.662,0
-180.803,157.608,0
-180.823,157.605,0
-181.129,157.532,0
-181.265,157.499,0
-181.564,157.421,0
-181.983,157.310,0
-182.396,157.203,0
-182.819,157.099,0
-183.301,157.010,0
-183.600,156.957,0
-184.089,156.883,0
-184.265,156.857,0
-184.447,156.827,0
-184.725,156.785,0
-184.772,156.774,0
-185.200,156.657,0
-185.465,156.580,0
-185.975,156.438,0
-186.372,156.339,0
-186.769,156.252,0
-187.422,156.127,0
-187.600,156.096,0
-188.031,156.023,0
-188.072,156.016,0
-188.353,155.968,0
-188.541,155.936,0
-188.695,155.910,0
-189.200,155.825,0
-189.473,155.775,0
-190.016,155.681,0
-190.407,155.596,0
-190.783,155.518,0
-191.399,155.368,0
-191.600,155.320,0
-192.013,155.219,0
-192.042,155.212,0
-192.338,155.139,0
-192.500,155.100,0
-192.719,155.045,0
-193.236,154.918,0
-193.610,154.822,0
-193.983,154.729,0
-194.610,154.566,0
-194.800,154.517,0
-195.206,154.410,0
-195.220,154.406,0
-195.528,154.324,0
-195.681,154.284,0
-195.919,154.220,0
-196.426,154.086,0
-196.795,153.988,0
-197.164,153.890,0
-197.673,153.755,0
-197.881,153.699,0
-198.051,153.655,0
-198.332,153.580,0
-198.380,153.567,0
-198.800,153.457,0
-199.013,153.401,0
-199.632,153.229,0
-200.145,153.055,0
-200.400,152.964,0
-200.800,152.814,0
-200.822,152.806,0
-201.128,152.725,0
-201.256,152.681,0
-201.588,152.592,0
-201.972,152.486,0
-202.399,152.377,0
-202.820,152.263,0
-203.207,152.164,0
-203.502,152.088,0
-203.649,152.050,0
-203.918,151.981,0
-203.998,151.961,0
-204.430,151.851,0
-204.803,151.758,0
-205.200,151.659,0
-205.600,151.574,0
-206.000,151.487,0
-206.395,151.406,0
-206.761,151.327,0
-207.202,151.222,0
-207.250,151.210,0
-207.539,151.137,0
-207.667,151.105,0
-208.014,151.002,0
-208.365,150.882,0
-208.729,150.738,0
-209.172,150.548,0
-209.362,150.465,0
-209.556,150.381,0
-209.634,150.346,0
-209.984,150.194,0
-210.390,150.017,0
-210.821,149.831,0
-211.140,149.688,0
-211.264,149.633,0
-211.448,149.530,0
-211.645,149.426,0
-212.007,149.211,0
-212.366,149.006,0
-212.556,148.887,0
-212.749,148.768,0
-212.828,148.720,0
-213.192,148.515,0
-213.447,148.367,0
-213.873,148.126,0
-214.080,148.005,0
-214.247,147.911,0
-214.469,147.776,0
-214.797,147.577,0
-215.132,147.354,0
-215.276,147.259,0
-215.458,147.159,0
-215.657,147.011,0
-216.055,146.797,0
-216.403,146.575,0
-216.609,146.479,0
-216.769,146.386,0
-216.906,146.323,0
-217.164,146.206,0
-217.597,146.005,0
-218.036,145.808,0
-218.292,145.686,0
-218.446,145.619,0
-218.610,145.551,0
-218.817,145.468,0
-219.247,145.285,0
-219.600,145.146,0
-219.878,145.032,0
-220.218,144.894,0
-220.418,144.809,0
-220.618,144.719,0
-220.940,144.547,0
-221.200,144.396,0
-221.444,144.249,0
-221.714,144.077,0
-221.914,143.948,0
-222.114,143.805,0
-222.391,143.606,0
-222.649,143.405,0
-222.849,143.234,0
-223.049,143.056,0
-223.257,142.856,0
-223.455,142.656,0
-223.655,142.462,0
-223.855,142.259,0
-224.073,142.059,0
-224.280,141.859,0
-224.480,141.679,0
-224.680,141.488,0
-224.885,141.288,0
-225.081,141.088,0
-225.281,140.881,0
-225.481,140.660,0
-225.654,140.460,0
-225.818,140.260,0
-226.018,140.022,0
-226.218,139.770,0
-226.380,139.570,0
-226.536,139.370,0
-226.736,139.117,0
-226.960,138.829,0
-227.118,138.625,0
-227.247,138.460,0
-227.372,138.299,0
-227.604,138.001,0
-227.845,137.691,0
-227.958,137.546,0
-228.082,137.378,0
-228.237,137.176,0
-228.459,136.867,0
-228.659,136.600,0
-228.791,136.400,0
-228.932,136.200,0
-229.159,135.843,0
-229.333,135.569,0
-229.523,135.264,0
-229.582,135.170,0
-229.686,134.995,0
-229.803,134.800,0
-230.022,134.421,0
-230.222,134.085,0
-230.328,133.885,0
-230.445,133.685,0
-230.573,133.429,0
-230.691,133.200,0
-230.862,132.848,0
-231.062,132.428,0
-231.164,132.212,0
-231.231,132.066,0
-231.312,131.875,0
-231.407,131.636,0
-231.578,131.204,0
-231.730,130.800,0
-231.824,130.547,0
-231.940,130.243,0
-232.013,130.043,0
-232.091,129.843,0
-232.218,129.496,0
-232.333,129.200,0
-232.498,128.755,0
-232.652,128.369,0
-232.763,128.061,0
-232.794,127.985,0
-232.867,127.821,0
-232.947,127.628,0
-233.121,127.190,0
-233.282,126.800,0
-233.400,126.504,0
-233.522,126.206,0
-233.603,126.006,0
-233.682,125.806,0
-233.797,125.502,0
-233.905,125.200,0
-234.044,124.800,0
-234.180,124.400,0
-234.266,124.146,0
-234.358,123.875,0
-234.425,123.675,0
-234.493,123.475,0
-234.610,123.128,0
-234.722,122.800,0
-234.857,122.400,0
-234.994,122.000,0
-235.077,121.755,0
-235.165,121.498,0
-235.233,121.298,0
-235.303,121.098,0
-235.424,120.744,0
-235.544,120.400,0
-235.681,120.000,0
-235.820,119.600,0
-235.899,119.349,0
-235.980,119.083,0
-236.016,118.883,0
-236.048,118.683,0
-236.074,118.334,0
-236.094,118.000,0
-236.093,117.600,0
-236.092,117.200,0
-236.091,116.800,0
-236.090,116.400,0
-236.089,116.000,0
-236.082,115.600,0
-236.081,115.200,0
-236.081,114.800,0
-236.080,114.400,0
-236.093,114.000,0
-236.102,113.600,0
-236.131,113.200,0
-236.165,112.800,0
-236.212,112.400,0
-236.265,112.000,0
-236.318,111.600,0
-236.408,111.200,0
-236.499,110.800,0
-236.613,110.464,0
-236.712,110.170,0
-236.789,109.970,0
-236.866,109.770,0
-236.972,109.505,0
-237.094,109.200,0
-237.260,108.800,0
-237.436,108.368,0
-237.524,108.164,0
-237.595,107.988,0
-237.618,107.939,0
-237.768,107.623,0
-237.951,107.264,0
-238.202,106.762,0
-238.305,106.574,0
-238.399,106.398,0
-238.408,106.382,0
-238.601,106.036,0
-238.781,105.742,0
-239.022,105.343,0
-239.164,105.143,0
-239.308,104.943,0
-239.508,104.690,0
-239.708,104.436,0
-239.868,104.236,0
-240.030,104.036,0
-240.203,103.823,0
-240.383,103.600,0
-240.573,103.365,0
-240.754,103.141,0
-240.904,102.941,0
-241.063,102.741,0
-241.263,102.479,0
-241.463,102.227,0
-241.626,102.027,0
-241.790,101.827,0
-241.990,101.605,0
-242.190,101.379,0
-242.389,101.179,0
-242.589,100.979,0
-242.789,100.793,0
-242.989,100.606,0
-243.208,100.406,0
-243.426,100.206,0
-243.626,100.030,0
-243.826,99.851,0
-244.070,99.651,0
-244.313,99.451,0
-244.513,99.293,0
-244.713,99.133,0
-244.965,98.949,0
-245.200,98.777,0
-245.422,98.616,0
-245.660,98.444,0
-245.860,98.299,0
-246.060,98.153,0
-246.336,97.953,0
-246.610,97.753,0
-246.810,97.608,0
-247.010,97.461,0
-247.283,97.261,0
-247.555,97.061,0
-247.755,96.914,0
-247.955,96.767,0
-248.184,96.598,0
-248.400,96.439,0
-249.114,95.913,0
-249.369,95.725,0
-249.569,95.578,0
-249.841,95.378,0
-250.041,95.230,0
-250.241,95.083,0
-250.513,94.883,0
-250.822,94.656,0
-251.026,94.505,0
-251.184,94.389,0
-251.309,94.297,0
-251.563,94.110,0
-251.805,93.916,0
-252.082,93.694,0
-252.187,93.452,0
-252.302,93.200,0
-252.436,92.800,0
-252.570,92.400,0
-252.665,92.107,0
-252.749,91.841,0
-252.814,91.641,0
-252.879,91.441,0
-253.079,91.153,0
-253.279,90.849,0
-253.532,90.649,0
-253.796,90.449,0
-253.996,90.409,0
-254.196,90.360,0
-254.509,90.341,0
-254.800,90.322,0
-255.160,90.143,0
-255.522,89.963,0
-255.683,89.581,0
-255.846,89.200,0
-255.846,88.800,0
-255.848,88.400,0
-255.848,88.000,0
-255.848,87.600,0
-255.848,87.200,0
-255.847,86.800,0
-255.847,86.400,0
-255.847,86.000,0
-255.846,85.761,0
-255.846,85.701,0
-255.846,85.600,0
-255.845,85.200,0
-255.843,84.800,0
-255.841,84.400,0
-255.839,84.000,0
-255.837,83.600,0
-255.836,83.200,0
-255.835,82.800,0
-255.836,82.400,0
-255.838,82.000,0
-255.840,81.600,0
-255.841,81.200,0
-255.841,80.800,0
-255.841,80.400,0
-255.841,80.000,0
-255.841,80.000,0
-255.841,79.888,0
-255.841,79.600,0
-255.841,79.200,0
-255.841,78.800,0
-255.841,78.400,0
-255.840,77.600,0
-255.840,77.200,0
-255.840,76.800,0
-255.840,76.400,0
-255.829,76.000,0
-255.819,75.600,0
-255.661,75.235,0
-255.499,74.866,0
-255.322,74.666,0
-255.144,74.466,0
-255.081,74.231,0
-255.021,74.000,0
-254.975,73.600,0
-254.929,73.200,0
-254.903,72.800,0
-254.877,72.400,0
-254.850,72.000,0
-254.823,71.600,0
-254.796,71.200,0
-254.769,70.800,0
-254.742,70.400,0
-254.715,70.000,0
-254.710,69.600,0
-254.705,69.200,0
-254.725,68.800,0
-254.744,68.400,0
-254.751,68.277,0
-254.756,68.180,0
-254.773,67.864,0
-254.788,67.600,0
-254.791,67.547,0
-254.808,67.232,0
-254.857,66.335,0
-254.876,66.000,0
-254.897,65.600,0
-254.919,65.200,0
-254.939,64.800,0
-254.958,64.400,0
-254.976,64.000,0
-254.993,63.600,0
-255.010,63.200,0
-255.026,62.800,0
-255.043,62.400,0
-255.076,61.600,0
-255.093,61.200,0
-255.109,60.800,0
-255.126,60.400,0
-255.142,60.000,0
-255.159,59.600,0
-255.175,59.255,0
-255.188,58.962,0
-255.198,58.762,0
-255.208,58.562,0
-255.222,58.307,0
-255.238,58.000,0
-255.243,57.924,0
-255.246,57.862,0
-255.250,57.790,0
-255.260,57.600,0
-255.263,57.550,0
-255.282,57.200,0
-255.303,56.800,0
-255.325,56.400,0
-255.347,56.000,0
-255.368,55.600,0
-255.390,55.200,0
-255.412,54.800,0
-255.433,54.400,0
-255.455,54.000,0
-255.477,53.600,0
-255.498,53.200,0
-255.455,52.800,0
-255.407,52.400,0
-255.329,52.183,0
-255.247,51.967,0
-255.185,51.967,0
-255.126,51.967,0
-254.926,52.057,0
-254.726,52.144,0
-254.365,52.286,0
-254.000,52.414,0
-253.600,52.401,0
-253.200,52.376,0
-252.939,52.233,0
-252.690,52.105,0
-252.463,51.808,0
-252.267,51.562,0
-252.079,51.295,0
-252.004,51.192,0
-251.928,51.031,0
-251.834,50.831,0
-251.629,50.392,0
-251.445,50.000,0
-251.338,49.773,0
-251.229,49.539,0
-251.135,49.339,0
-251.041,49.139,0
-250.867,48.766,0
-250.695,48.400,0
-250.577,48.146,0
-250.454,47.885,0
-250.360,47.685,0
-250.266,47.485,0
-250.104,47.139,0
-249.945,46.800,0
-249.814,46.520,0
-249.679,46.232,0
-249.585,46.032,0
-249.491,45.832,0
-249.491,45.620,0
-249.491,45.422,0
-249.638,45.222,0
-249.789,45.022,0
-249.989,44.823,0
-250.189,44.626,0
-250.498,44.613,0
-250.836,44.624,0
-251.081,44.722,0
-251.235,44.784,0
-251.386,44.854,0
-251.599,44.954,0
-251.999,45.142,0
-252.400,45.331,0
-252.653,45.450,0
-252.887,45.559,0
-253.087,45.650,0
-253.287,45.743,0
-253.597,45.743,0
-254.000,45.733,0
-254.193,45.654,0
-254.370,45.588,0
-254.453,45.549,0
-254.770,45.398,0
-255.216,45.185,0
-255.628,44.988,0
-255.974,44.823,0
-256.011,44.805,0
-256.199,44.715,0
-256.383,44.627,0
-256.852,44.403,0
-257.233,44.215,0
-257.498,44.085,0
-257.618,44.019,0
-257.618,43.985,0
-257.618,43.959,0
-257.450,43.833,0
-257.233,43.670,0
-256.973,43.448,0
-256.729,43.279,0
-256.529,43.072,0
-256.329,42.874,0
-256.125,42.675,0
-255.942,42.474,0
-255.813,42.241,0
-255.688,42.000,0
-255.519,41.656,0
-255.345,41.303,0
-255.248,41.103,0
-255.149,40.903,0
-255.025,40.648,0
-254.905,40.400,0
-254.732,40.042,0
-254.556,39.676,0
-254.459,39.476,0
-254.363,39.276,0
-254.247,39.034,0
-254.134,38.800,0
-253.954,38.426,0
-253.771,38.045,0
-253.675,37.845,0
-253.578,37.645,0
-253.470,37.419,0
-253.364,37.200,0
-253.177,36.811,0
-252.968,36.377,0
-252.865,36.162,0
-252.794,36.013,0
-252.719,35.858,0
-252.612,35.637,0
-252.406,35.209,0
-252.208,34.800,0
-252.109,34.596,0
-252.007,34.388,0
-251.890,34.188,0
-251.773,33.988,0
-251.573,33.646,0
-251.373,33.305,0
-251.256,33.105,0
-251.138,32.905,0
-250.995,32.651,0
-250.852,32.400,0
-250.709,31.982,0
-250.544,31.690,0
-250.366,31.407,0
-250.325,31.335,0
-250.338,30.888,0
-250.312,30.800,0
-250.393,30.393,0
-250.394,30.384,0
-250.380,30.073,0
-250.481,29.905,0
-250.459,29.786,0
-250.459,29.483,0
-250.387,29.464,0
-250.048,29.279,0
-249.491,29.300,0
-249.200,29.140,0
-248.684,29.316,0
-248.400,29.410,0
-247.999,29.577,0
-247.982,29.585,0
-247.667,29.832,0
-247.559,29.918,0
-247.211,30.208,0
-247.101,30.303,0
-246.831,30.610,0
-246.706,30.744,0
-246.410,31.133,0
-246.388,31.170,0
-246.388,31.233,0
-246.390,31.255,0
-246.544,31.530,0
-246.526,31.707,0
-246.516,31.944,0
-246.606,32.415,0
-246.674,32.819,0
-246.744,33.200,0
-246.818,33.600,0
-246.892,34.000,0
-246.961,34.374,0
-247.030,34.764,0
-247.120,35.242,0
-247.151,35.412,0
-247.186,35.613,0
-247.233,35.844,0
-247.258,35.968,0
-247.359,36.436,0
-247.428,36.818,0
-247.478,37.200,0
-247.587,37.609,0
-247.635,38.036,0
-247.842,38.623,0
-247.887,38.785,0
-247.795,39.352,0
-247.757,39.603,0
-247.532,39.968,0
-247.344,40.138,0
-247.250,40.102,0
-247.112,40.102,0
-247.027,39.982,0
-246.746,39.582,0
-246.616,39.400,0
-246.394,39.213,0
-246.385,39.184,0
-246.302,38.777,0
-246.129,38.411,0
-245.911,38.000,0
-245.778,37.790,0
-245.612,37.568,0
-245.522,37.368,0
-245.444,37.168,0
-245.263,36.779,0
-245.085,36.400,0
-244.971,36.159,0
-244.842,35.911,0
-244.748,35.711,0
-244.654,35.511,0
-244.486,35.152,0
-244.322,34.800,0
-244.196,34.533,0
-244.067,34.258,0
-243.974,34.058,0
-243.879,33.858,0
-243.723,33.525,0
-243.571,33.200,0
-243.433,32.906,0
-243.292,32.604,0
-243.198,32.404,0
-243.104,32.204,0
-242.961,31.898,0
-242.821,31.600,0
-242.671,31.279,0
-242.517,30.951,0
-242.423,30.751,0
-242.329,30.551,0
-242.198,30.272,0
-242.071,30.000,0
-241.908,29.653,0
-241.742,29.298,0
-241.648,29.098,0
-241.554,28.898,0
-241.435,28.645,0
-241.320,28.400,0
-241.145,28.026,0
-240.966,27.645,0
-240.873,27.445,0
-240.779,27.245,0
-240.673,27.019,0
-240.570,26.800,0
-240.368,26.368,0
-240.178,25.962,0
-240.058,25.707,0
-240.004,25.592,0
-239.930,25.433,0
-239.834,25.230,0
-239.629,24.792,0
-239.446,24.400,0
-239.339,24.173,0
-239.229,23.938,0
-239.135,23.738,0
-239.041,23.538,0
-238.867,23.165,0
-238.695,22.800,0
-238.585,22.432,0
-238.465,22.029,0
-238.369,21.860,0
-238.320,21.781,0
-238.320,21.593,0
-238.320,21.377,0
-238.368,21.312,0
-238.501,21.146,0
-238.707,20.809,0
-238.898,20.492,0
-239.119,20.292,0
-239.336,20.092,0
-239.336,19.965,0
-239.336,19.834,0
-239.069,19.671,0
-238.800,19.508,0
-238.400,19.396,0
-238.000,19.286,0
-237.738,19.249,0
-237.479,19.212,0
-237.279,19.192,0
-237.079,19.172,0
-236.741,19.138,0
-236.400,19.104,0
-236.000,19.065,0
-235.600,19.025,0
-235.200,18.988,0
-234.800,18.950,0
-234.400,18.914,0
-234.000,18.877,0
-233.600,18.840,0
-233.200,18.804,0
-232.800,18.767,0
-232.400,18.731,0
-232.000,18.673,0
-231.600,18.614,0
-231.253,18.540,0
-230.916,18.467,0
-230.716,18.420,0
-230.516,18.373,0
-230.263,18.312,0
-230.000,18.249,0
-229.600,18.152,0
-229.200,18.056,0
-228.800,17.959,0
-228.400,17.863,0
-227.958,17.765,0
-227.601,17.679,0
-227.318,17.608,0
-227.242,17.590,0
-226.970,17.579,0
-226.800,17.558,0
-226.395,17.551,0
-225.973,17.529,0
-225.600,17.509,0
-225.200,17.489,0
-224.800,17.407,0
-224.400,17.325,0
-224.078,17.153,0
-223.781,17.002,0
-223.581,16.730,0
-223.381,16.474,0
-223.288,16.274,0
-223.170,16.074,0
-223.155,15.832,0
-223.141,15.600,0
-223.141,15.200,0
-223.140,14.800,0
-223.140,14.400,0
-223.140,14.000,0
-223.140,13.600,0
-223.140,13.200,0
-223.140,12.800,0
-223.140,12.400,0
-223.140,12.000,0
-223.139,11.600,0
-223.139,11.200,0
-223.139,10.800,0
-223.139,10.400,0
-223.139,10.000,0
-223.139,9.600,0
-223.139,9.200,0
-223.139,8.800,0
-223.138,8.400,0
-223.138,8.000,0
-223.138,7.600,0
-223.138,7.200,0
-223.138,6.800,0
-223.138,6.400,0
-223.138,6.000,0
-223.138,5.600,0
-223.137,5.200,0
-223.137,4.800,0
-223.137,4.400,0
-223.107,4.000,0
-222.950,3.565,0
-222.754,3.287,0
-222.631,3.123,0
-222.553,3.108,0
-222.500,3.098,0
-222.500,3.200,0
-222.500,3.474,0
-222.500,3.752,0
-222.500,3.907,0
-222.500,4.008,0
-222.500,4.155,0
-222.500,4.248,0
-222.500,4.405,0
-222.500,4.477,0
-222.500,4.841,0
-222.500,4.887,0
-222.500,5.043,0
-222.500,5.108,0
-222.500,5.219,0
-222.500,5.299,0
-222.500,5.410,0
-222.500,5.482,0
-222.500,5.838,0
-222.500,5.984,0
-222.500,6.032,0
-222.500,6.062,0
-222.500,6.112,0
-222.500,6.138,0
-222.500,6.160,0
-222.500,6.170,0
-222.500,6.191,0
-222.500,6.207,0
-222.500,6.227,0
-222.500,6.231,0
-222.500,6.250,0
-222.500,6.251,0
-222.500,6.256,0
-222.500,6.262,0
-222.500,6.270,0
-222.500,6.279,0
-222.500,6.288,0
-222.500,6.306,0
-222.500,6.318,0
-222.500,6.377,0
-222.500,6.396,0
-222.500,6.406,0
-222.500,6.425,0
-222.500,6.435,0
-222.500,6.453,0
-222.500,6.463,0
-222.500,6.481,0
-222.500,6.490,0
-222.500,6.507,0
-222.500,6.516,0
-222.500,6.532,0
-222.500,6.541,0
-222.500,6.557,0
-222.500,6.565,0
-222.500,6.580,0
-222.500,6.589,0
-222.500,6.603,0
-222.500,6.611,0
-222.500,6.625,0
-222.500,6.633,0
-222.500,6.646,0
-222.500,6.654,0
-222.500,6.666,0
-222.500,6.674,0
-222.500,6.686,0
-222.500,6.693,0
-222.500,6.705,0
-222.500,6.712,0
-222.500,6.723,0
-222.500,6.730,0
-222.500,6.740,0
-222.500,6.747,0
-222.500,6.757,0
-222.500,6.764,0
-222.500,6.773,0
-222.500,6.780,0
-222.500,6.789,0
-222.500,6.795,0
-222.500,9.000,0
-221.190,9.000,0
-221.139,9.000,0
-221.139,9.103,0
-221.139,9.119,0
-221.139,9.142,0
-221.139,9.176,0
-221.139,9.200,0
-221.139,9.600,0
-221.139,10.000,0
-221.139,10.400,0
-221.139,10.800,0
-221.139,11.200,0
-221.139,11.600,0
-221.140,12.000,0
-221.140,12.400,0
-221.140,12.800,0
-221.140,13.200,0
-221.140,13.600,0
-221.140,14.000,0
-221.140,14.400,0
-221.140,14.800,0
-221.146,15.200,0
-221.151,15.600,0
-221.207,16.000,0
-221.261,16.400,0
-221.370,16.714,0
-221.480,17.046,0
-221.588,17.246,0
-221.685,17.446,0
-221.885,17.706,0
-222.112,18.008,0
-222.292,18.209,0
-222.430,18.372,0
-222.534,18.451,0
-222.795,18.649,0
-223.138,18.850,0
-223.487,19.073,0
-223.687,19.161,0
-223.887,19.246,0
-224.117,19.298,0
-224.400,19.371,0
-224.800,19.428,0
-225.200,19.485,0
-225.600,19.514,0
-226.000,19.540,0
-226.400,19.578,0
-226.800,19.602,0
-227.200,19.677,0
-227.600,19.736,0
-227.987,19.828,0
-228.365,19.912,0
-228.565,19.960,0
-228.765,20.008,0
-228.978,20.060,0
-229.200,20.113,0
-229.600,20.209,0
-230.000,20.304,0
-230.400,20.394,0
-230.800,20.484,0
-231.200,20.557,0
-231.600,20.631,0
-232.000,20.685,0
-232.400,20.740,0
-232.659,20.768,0
-232.883,20.793,0
-233.083,20.809,0
-233.283,20.824,0
-233.624,20.854,0
-233.766,20.866,0
-233.857,20.957,0
-233.900,21.000,0
-234.000,21.100,0
-234.400,21.500,0
-235.200,21.500,0
-235.400,21.500,0
-235.800,21.900,0
-235.900,22.000,0
-236.000,22.100,0
-236.400,22.500,0
-236.554,22.654,0
-236.612,22.712,0
-236.610,22.744,0
-236.607,22.800,0
-236.689,23.049,0
-236.764,23.291,0
-236.846,23.491,0
-236.926,23.691,0
-237.084,24.043,0
-237.238,24.400,0
-237.375,24.690,0
-237.512,24.988,0
-237.606,25.188,0
-237.699,25.388,0
-237.845,25.697,0
-237.986,26.000,0
-238.135,26.317,0
-238.287,26.641,0
-238.381,26.841,0
-238.474,27.041,0
-238.607,27.324,0
-238.736,27.600,0
-238.897,27.944,0
-239.062,28.295,0
-239.156,28.495,0
-239.249,28.695,0
-239.370,28.951,0
-239.486,29.200,0
-239.660,29.570,0
-239.837,29.948,0
-239.931,30.148,0
-240.024,30.348,0
-240.132,30.578,0
-240.237,30.800,0
-240.462,31.280,0
-240.631,31.641,0
-240.793,31.986,0
-240.800,32.001,0
-240.883,32.180,0
-240.968,32.360,0
-241.176,32.804,0
-241.362,33.200,0
-241.467,33.423,0
-241.575,33.654,0
-241.669,33.854,0
-241.762,34.054,0
-241.939,34.431,0
-242.112,34.800,0
-242.230,35.049,0
-242.350,35.307,0
-242.443,35.507,0
-242.537,35.707,0
-242.704,36.057,0
-242.866,36.400,0
-242.995,36.667,0
-243.129,36.948,0
-243.227,37.148,0
-243.321,37.348,0
-243.481,37.682,0
-243.632,38.000,0
-243.766,38.269,0
-243.911,38.560,0
-244.031,38.760,0
-244.137,38.960,0
-244.297,39.291,0
-244.439,39.600,0
-244.559,39.867,0
-244.702,40.164,0
-244.834,40.364,0
-244.957,40.564,0
-245.157,40.811,0
-245.370,41.138,0
-245.578,41.337,0
-245.687,41.516,0
-245.783,41.603,0
-246.072,41.905,0
-246.353,42.087,0
-246.551,42.305,0
-246.715,42.398,0
-246.983,42.560,0
-247.161,42.581,0
-247.297,42.597,0
-247.299,42.599,0
-247.340,42.640,0
-247.400,42.700,0
-247.700,43.000,0
-247.800,43.100,0
-247.900,43.200,0
-247.900,44.000,0
-247.900,44.316,0
-247.900,44.433,0
-247.882,44.454,0
-247.822,44.521,0
-247.696,44.887,0
-247.572,45.200,0
-247.572,45.600,0
-247.547,46.000,0
-247.656,46.400,0
-247.759,46.800,0
-247.859,47.037,0
-247.962,47.281,0
-248.056,47.481,0
-248.149,47.681,0
-248.320,48.044,0
-248.486,48.400,0
-248.610,48.664,0
-248.737,48.935,0
-248.831,49.135,0
-248.924,49.335,0
-249.082,49.671,0
-249.236,50.000,0
-249.372,50.291,0
-249.512,50.589,0
-249.605,50.789,0
-249.699,50.989,0
-249.850,51.298,0
-249.996,51.600,0
-250.145,51.878,0
-250.297,52.164,0
-250.430,52.364,0
-250.560,52.564,0
-250.760,52.813,0
-250.960,53.065,0
-251.160,53.265,0
-251.351,53.465,0
-251.551,53.625,0
-251.751,53.785,0
-252.068,53.954,0
-252.400,54.128,0
-252.771,54.041,0
-252.900,54.007,0
-252.900,54.153,0
-252.900,55.000,0
-253.000,55.100,0
-253.400,55.500,0
-253.413,55.513,0
-253.440,55.540,0
-253.433,55.566,0
-253.423,55.600,0
-253.374,56.000,0
-253.322,56.400,0
-253.300,56.800,0
-253.279,57.200,0
-253.260,57.550,0
-253.259,57.555,0
-252.973,57.555,0
-250.771,57.555,0
-240.000,57.555,0
-240.000,58.110,0
-240.000,58.155,0
-240.000,60.581,0
-240.000,60.775,0
-240.000,62.477,0
-240.000,62.739,0
-240.000,64.026,0
-240.000,64.320,0
-240.000,65.239,0
-240.000,65.254,0
-240.000,65.319,0
-240.000,65.443,0
-240.000,65.631,0
-240.000,65.888,0
-240.000,66.211,0
-240.000,66.323,0
-240.000,66.440,0
-240.000,66.787,0
-240.000,67.187,0
-240.000,67.620,0
-240.000,67.706,0
-240.000,68.150,0
-240.000,68.582,0
-240.000,68.680,0
-240.000,69.092,0
-240.000,69.199,0
-240.000,69.583,0
-240.000,69.909,0
-240.000,70.048,0
-240.000,70.335,0
-240.000,70.559,0
-240.000,70.722,0
-240.000,70.829,0
-240.000,70.888,0
-240.000,71.222,0
-240.000,72.107,0
-240.000,72.403,0
-240.000,73.437,0
-240.000,73.713,0
-240.000,74.985,0
-240.000,75.225,0
-240.000,76.881,0
-240.000,79.307,0
-240.000,79.352,0
-240.000,79.392,0
-240.000,79.907,0
-243.825,79.907,0
-245.719,79.907,0
-253.840,79.907,0
-253.841,80.287,0
-253.841,80.400,0
-253.840,80.800,0
-253.840,81.200,0
-253.839,81.600,0
-253.838,82.000,0
-253.837,82.400,0
-253.836,82.800,0
-253.836,83.200,0
-253.837,83.600,0
-253.839,84.000,0
-253.840,84.400,0
-253.842,84.800,0
-253.844,85.200,0
-253.845,85.600,0
-253.845,85.701,0
-253.698,85.701,0
-253.281,85.701,0
-252.636,85.701,0
-251.729,85.701,0
-251.423,85.701,0
-250.945,85.701,0
-250.678,85.701,0
-250.260,85.701,0
-249.657,85.701,0
-249.450,85.701,0
-249.122,85.701,0
-248.938,85.701,0
-248.645,85.701,0
-248.479,85.701,0
-248.215,85.701,0
-248.066,85.701,0
-247.828,85.701,0
-247.692,85.701,0
-247.475,85.701,0
-247.352,85.701,0
-247.154,85.701,0
-247.041,85.701,0
-246.494,85.701,0
-246.027,85.701,0
-245.624,85.701,0
-243.884,85.701,0
-243.494,85.701,0
-240.000,85.701,0
-240.000,92.510,0
-240.000,92.728,0
-240.000,92.964,0
-240.000,93.214,0
-240.000,93.474,0
-240.000,93.738,0
-240.000,94.002,0
-240.000,94.261,0
-240.000,94.509,0
-240.000,94.742,0
-240.000,94.956,0
-240.000,95.146,0
-240.000,99.263,0
-240.000,99.416,0
-240.000,99.532,0
-240.000,99.721,0
-240.000,99.810,0
-240.000,100.039,0
-240.000,100.098,0
-240.000,100.369,0
-240.000,100.396,0
-240.000,100.575,0
-240.000,100.581,0
-240.000,100.707,0
-240.000,100.781,0
-240.000,100.799,0
-240.000,100.859,0
-239.922,100.957,0
-239.734,101.193,0
-239.526,101.458,0
-239.306,101.738,0
-239.150,101.938,0
-238.994,102.138,0
-238.794,102.386,0
-238.594,102.639,0
-238.431,102.839,0
-238.272,103.039,0
-238.072,103.296,0
-237.872,103.558,0
-237.719,103.758,0
-237.570,103.958,0
-237.428,104.174,0
-237.279,104.400,0
-237.090,104.700,0
-236.909,104.988,0
-236.795,105.188,0
-236.681,105.388,0
-236.522,105.688,0
-236.354,106.000,0
-236.210,106.288,0
-236.074,106.552,0
-235.979,106.752,0
-235.882,106.952,0
-235.744,107.264,0
-235.593,107.600,0
-235.445,107.955,0
-235.311,108.272,0
-235.230,108.472,0
-235.148,108.672,0
-235.054,108.917,0
-234.945,109.200,0
-234.804,109.600,0
-234.664,110.000,0
-234.555,110.409,0
-234.461,110.738,0
-234.407,110.987,0
-234.380,111.108,0
-234.354,111.286,0
-234.307,111.575,0
-234.250,112.000,0
-234.203,112.400,0
-234.163,112.800,0
-234.134,113.200,0
-234.108,113.600,0
-234.095,114.000,0
-234.083,114.400,0
-234.081,114.800,0
-234.080,115.200,0
-234.082,115.600,0
-234.086,116.000,0
-234.088,116.400,0
-234.090,116.800,0
-234.091,117.200,0
-234.085,117.600,0
-234.078,118.000,0
-234.018,118.400,0
-233.955,118.800,0
-233.841,119.173,0
-233.723,119.556,0
-233.653,119.756,0
-233.585,119.956,0
-233.506,120.183,0
-233.432,120.400,0
-233.294,120.800,0
-233.157,121.200,0
-233.036,121.553,0
-232.910,121.923,0
-232.842,122.123,0
-232.774,122.323,0
-232.690,122.570,0
-232.612,122.800,0
-232.476,123.200,0
-232.340,123.600,0
-232.224,123.939,0
-232.102,124.291,0
-232.033,124.491,0
-231.962,124.691,0
-231.864,124.952,0
-231.769,125.200,0
-231.611,125.600,0
-231.453,126.000,0
-231.351,126.251,0
-231.246,126.514,0
-231.164,126.714,0
-231.085,126.914,0
-230.944,127.263,0
-230.813,127.600,0
-230.674,127.950,0
-230.515,128.369,0
-230.431,128.583,0
-230.373,128.730,0
-230.302,128.913,0
-230.209,129.165,0
-230.043,129.592,0
-229.890,130.000,0
-229.788,130.265,0
-229.668,130.571,0
-229.590,130.771,0
-229.508,130.971,0
-229.363,131.306,0
-229.230,131.600,0
-229.083,131.908,0
-228.922,132.244,0
-228.819,132.444,0
-228.718,132.644,0
-228.551,132.936,0
-228.405,133.200,0
-228.254,133.454,0
-228.087,133.747,0
-227.965,133.947,0
-227.846,134.147,0
-227.646,134.463,0
-227.427,134.810,0
-227.303,134.999,0
-227.188,135.182,0
-227.145,135.241,0
-226.902,135.570,0
-226.734,135.794,0
-226.494,136.125,0
-226.339,136.325,0
-226.188,136.525,0
-225.988,136.783,0
-225.788,137.041,0
-225.632,137.241,0
-225.477,137.441,0
-225.277,137.698,0
-225.052,137.983,0
-224.896,138.184,0
-224.763,138.353,0
-224.654,138.491,0
-224.402,138.801,0
-224.173,139.085,0
-224.040,139.244,0
-223.894,139.404,0
-223.697,139.609,0
-223.467,139.863,0
-223.268,140.065,0
-223.064,140.265,0
-222.851,140.465,0
-222.651,140.662,0
-222.451,140.849,0
-222.249,141.049,0
-222.036,141.249,0
-221.836,141.446,0
-221.636,141.633,0
-221.416,141.808,0
-221.200,141.967,0
-220.963,142.149,0
-220.695,142.334,0
-220.495,142.462,0
-220.295,142.580,0
-219.910,142.787,0
-219.570,142.962,0
-219.278,143.095,0
-219.122,143.167,0
-218.959,143.235,0
-218.754,143.323,0
-218.332,143.496,0
-218.000,143.640,0
-217.713,143.762,0
-217.392,143.906,0
-217.192,143.995,0
-216.992,144.086,0
-216.679,144.230,0
-216.400,144.359,0
-216.096,144.508,0
-215.752,144.672,0
-215.552,144.784,0
-215.352,144.884,0
-215.041,145.074,0
-214.765,145.219,0
-214.486,145.376,0
-214.237,145.509,0
-214.090,145.604,0
-213.873,145.724,0
-213.454,145.980,0
-213.195,146.130,0
-212.821,146.343,0
-212.762,146.377,0
-212.562,146.502,0
-212.376,146.615,0
-212.030,146.819,0
-211.676,147.039,0
-211.469,147.161,0
-211.302,147.260,0
-211.117,147.364,0
-210.830,147.534,0
-210.546,147.686,0
-210.168,147.890,0
-209.968,147.981,0
-209.768,148.075,0
-209.441,148.218,0
-209.200,148.324,0
-208.865,148.468,0
-208.427,148.654,0
-208.240,148.733,0
-208.040,148.817,0
-207.974,148.841,0
-207.595,148.964,0
-207.220,149.078,0
-206.800,149.196,0
-206.405,149.288,0
-205.993,149.381,0
-205.574,149.470,0
-205.309,149.526,0
-205.153,149.560,0
-204.883,149.617,0
-204.809,149.634,0
-204.364,149.741,0
-203.992,149.833,0
-203.600,149.931,0
-203.201,150.033,0
-202.782,150.140,0
-202.393,150.240,0
-202.104,150.314,0
-201.954,150.353,0
-201.688,150.421,0
-201.602,150.444,0
-201.170,150.560,0
-200.796,150.669,0
-200.400,150.772,0
-200.013,150.888,0
-199.631,150.986,0
-199.163,151.117,0
-199.032,151.150,0
-198.807,151.213,0
-198.598,151.263,0
-198.443,151.305,0
-198.000,151.419,0
-197.702,151.497,0
-197.224,151.620,0
-196.648,151.767,0
-196.400,151.829,0
-195.965,151.940,0
-195.877,151.962,0
-195.626,152.031,0
-195.433,152.079,0
-195.260,152.125,0
-194.800,152.246,0
-194.500,152.325,0
-194.043,152.446,0
-193.400,152.615,0
-193.200,152.668,0
-192.785,152.776,0
-192.750,152.786,0
-192.459,152.858,0
-192.294,152.900,0
-192.078,152.954,0
-191.565,153.082,0
-191.189,153.174,0
-190.811,153.267,0
-190.229,153.403,0
-190.000,153.458,0
-189.550,153.554,0
-189.475,153.570,0
-189.222,153.616,0
-189.015,153.655,0
-188.882,153.678,0
-188.400,153.762,0
-188.141,153.807,0
-187.582,153.904,0
-187.181,153.978,0
-186.788,154.058,0
-186.273,154.176,0
-186.000,154.242,0
-185.586,154.348,0
-185.500,154.371,0
-185.240,154.446,0
-185.074,154.492,0
-184.830,154.555,0
-184.394,154.666,0
-183.987,154.746,0
-183.600,154.827,0
-183.223,154.894,0
-182.817,154.970,0
-182.370,155.065,0
-182.131,155.121,0
-181.963,155.163,0
-181.707,155.227,0
-181.611,155.252,0
-181.167,155.368,0
-180.790,155.451,0
-180.400,155.536,0
-180.000,155.598,0
-179.600,155.662,0
-179.222,155.714,0
-178.806,155.777,0
-178.213,155.880,0
-178.000,155.920,0
-177.599,155.998,0
-177.594,155.999,0
-177.278,156.068,0
-177.150,156.095,0
-176.830,156.156,0
-176.403,156.226,0
-175.980,156.269,0
-175.600,156.298,0
-175.200,156.307,0
-174.800,156.313,0
-174.400,156.318,0
-174.000,156.322,0
-173.600,156.339,0
-173.200,156.355,0
-172.800,156.385,0
-172.400,156.413,0
-172.000,156.441,0
-171.600,156.463,0
-171.200,156.475,0
-170.800,156.479,0
-170.400,156.481,0
-170.000,156.479,0
-169.600,156.483,0
-169.200,156.485,0
-168.811,156.492,0
-168.375,156.499,0
-167.998,156.504,0
-167.600,156.511,0
-167.268,156.506,0
-166.832,156.505,0
-166.400,156.479,0
-166.000,156.461,0
-165.600,156.426,0
-165.200,156.393,0
-164.800,156.356,0
-164.400,156.319,0
-164.000,156.282,0
-163.616,156.246,0
-163.194,156.206,0
-162.800,156.168,0
-162.488,156.135,0
-162.000,156.084,0
-161.794,156.059,0
-161.463,156.023,0
-161.277,156.000,0
-160.995,155.966,0
-160.693,155.919,0
-160.400,155.882,0
-160.032,155.812,0
-159.613,155.745,0
-159.200,155.646,0
-158.800,155.560,0
-158.400,155.450,0
-158.023,155.350,0
-157.699,155.266,0
-157.536,155.214,0
-157.476,155.200,0
-157.112,155.111,0
-156.882,155.071,0
-156.401,154.962,0
-156.000,154.898,0
-155.600,154.827,0
-155.200,154.764,0
-154.779,154.695,0
-154.351,154.611,0
-154.000,154.538,0
-153.757,154.476,0
-153.526,154.421,0
-153.455,154.400,0
-153.100,154.294,0
-152.880,154.232,0
-152.407,154.092,0
-152.000,153.986,0
-151.610,153.877,0
-151.118,153.765,0
-150.871,153.700,0
-150.416,153.600,0
-150.408,153.598,0
-150.146,153.547,0
-150.000,153.515,0
-149.565,153.423,0
-149.164,153.337,0
-148.800,153.255,0
-148.392,153.159,0
-147.971,153.054,0
-147.600,152.959,0
-147.359,152.894,0
-147.109,152.827,0
-147.009,152.800,0
-146.667,152.708,0
-146.425,152.642,0
-145.973,152.520,0
-145.600,152.419,0
-145.211,152.314,0
-144.724,152.182,0
-144.480,152.116,0
-144.055,152.000,0
-144.027,151.992,0
-143.787,151.930,0
-143.600,151.881,0
-143.211,151.781,0
-142.798,151.675,0
-142.400,151.571,0
-142.015,151.473,0
-141.554,151.353,0
-141.319,151.292,0
-140.961,151.199,0
-140.879,151.179,0
-140.635,151.121,0
-140.400,151.065,0
-140.036,150.977,0
-139.614,150.878,0
-139.200,150.777,0
-138.789,150.685,0
-138.368,150.586,0
-138.000,150.512,0
-137.785,150.459,0
-137.530,150.415,0
-137.476,150.402,0
-137.110,150.312,0
-136.908,150.258,0
-136.426,150.148,0
-136.000,150.040,0
-135.600,149.943,0
-135.200,149.841,0
-134.817,149.744,0
-134.496,149.662,0
-134.318,149.617,0
-134.252,149.600,0
-133.914,149.513,0
-133.716,149.462,0
-133.233,149.338,0
-132.800,149.226,0
-132.400,149.121,0
-132.000,149.019,0
-131.629,148.922,0
-131.355,148.853,0
-131.180,148.805,0
-131.166,148.802,0
-130.746,148.697,0
-130.479,148.610,0
-130.000,148.474,0
-129.600,148.315,0
-129.192,148.165,0
-128.979,148.073,0
-128.798,148.001,0
-128.795,147.999,0
-128.409,147.819,0
-128.017,147.615,0
-127.597,147.402,0
-127.251,147.209,0
-127.217,147.190,0
-127.044,147.076,0
-126.823,146.938,0
-126.469,146.710,0
-126.190,146.533,0
-125.990,146.407,0
-125.790,146.283,0
-125.521,146.124,0
-125.200,145.939,0
-124.925,145.782,0
-124.697,145.656,0
-124.497,145.549,0
-124.297,145.449,0
-123.972,145.285,0
-123.600,145.108,0
-123.324,144.974,0
-123.072,144.859,0
-122.872,144.766,0
-122.672,144.675,0
-122.348,144.526,0
-122.000,144.368,0
-121.689,144.225,0
-121.398,144.093,0
-121.198,144.000,0
,,
-246.743,106.000,1
-246.842,105.649,1
-246.960,105.200,1
-246.911,104.909,1
-246.826,104.400,1
-246.663,104.080,1
-246.524,103.884,1
-246.229,103.705,1
-246.000,103.543,1
-245.695,103.539,1
-245.223,103.630,1
-245.126,103.784,1
-244.816,104.023,1
-244.800,104.051,1
-244.575,104.475,1
-244.502,104.827,1
-244.367,105.200,1
-244.445,105.570,1
-244.530,105.939,1
-244.649,106.066,1
-244.847,106.365,1
-244.900,106.388,1
-245.321,106.533,1
-245.811,106.542,1
-246.000,106.557,1
-246.409,106.472,1
-246.468,106.456,1
-246.612,106.177,1
-246.743,106.000,1
,,
