X_mm,Z_mm,path_index
-234.491,84.302,0
-234.713,83.590,0
-234.719,83.585,0
-234.735,83.566,0
-234.747,83.538,0
-234.782,83.474,0
-235.053,83.060,0
-235.204,82.853,0
-235.288,82.766,0
-235.311,82.730,0
-235.313,82.677,0
-235.500,82.000,0
-235.481,81.200,0
-235.388,80.400,0
-235.264,79.951,0
-234.785,79.589,0
-234.731,79.557,0
-234.629,79.475,0
-234.219,78.960,0
-234.164,78.856,0
-234.147,78.785,0
-234.000,78.212,0
-234.000,78.592,0
-234.000,80.405,0
-234.000,85.768,0
-234.000,93.927,0
-234.221,93.361,0
-234.544,92.961,0
-234.944,92.522,0
-235.304,92.122,0
-235.441,91.600,0
-235.508,90.800,0
-235.445,90.008,0
-235.442,89.950,0
-235.392,89.837,0
-235.021,89.293,0
-234.859,89.142,0
-234.653,88.715,0
-234.497,88.400,0
-234.493,88.250,0
-234.482,87.600,0
-234.482,87.418,0
-234.488,86.800,0
-234.488,86.628,0
-234.487,86.000,0
-234.487,85.827,0
-234.487,85.200,0
-234.487,85.025,0
-234.486,84.400,0
-234.491,84.302,0
,,
-224.000,30.500,1
-223.200,30.500,1
-223.000,30.500,1
-222.800,30.500,1
-222.763,30.537,1
-222.662,30.638,1
-222.385,30.915,1
-222.000,30.733,1
-221.363,30.490,1
-220.963,30.338,1
-220.400,30.124,1
-219.600,29.820,1
-219.111,29.634,1
-218.711,29.482,1
-218.000,29.213,1
-217.236,28.924,1
-217.182,28.904,1
-217.148,28.891,1
-217.065,28.859,1
-216.854,28.780,1
-216.615,28.690,1
-216.520,28.654,1
-216.472,28.636,1
-215.600,28.307,1
-214.993,28.078,1
-214.648,27.948,1
-214.619,27.919,1
-214.608,27.908,1
-214.576,27.876,1
-214.557,27.857,1
-214.500,27.800,1
-214.500,27.000,1
-214.500,26.200,1
-214.500,26.000,1
-214.400,25.900,1
-214.000,25.500,1
-213.985,25.485,1
-213.944,25.445,1
-214.037,25.200,1
-214.295,24.523,1
-214.447,24.123,1
-214.646,23.600,1
-214.950,22.800,1
-215.151,22.272,1
-215.313,21.872,1
-215.713,21.248,1
-216.049,20.848,1
-216.450,20.470,1
-216.872,20.070,1
-217.272,19.673,1
-217.670,19.273,1
-218.070,18.840,1
-218.436,18.440,1
-218.906,17.923,1
-218.910,17.918,1
-218.918,17.910,1
-219.199,17.599,1
-219.493,17.289,1
-219.501,17.281,1
-219.505,17.277,1
-219.510,17.272,1
-219.979,16.778,1
-220.359,16.378,1
-220.759,15.957,1
-221.143,15.557,1
-221.543,15.142,1
-221.942,14.742,1
-222.286,14.400,1
-219.478,14.400,1
-219.339,14.546,1
-218.959,14.946,1
-218.559,15.368,1
-218.179,15.768,1
-217.779,16.189,1
-217.407,16.589,1
-217.007,17.038,1
-216.657,17.438,1
-216.257,17.869,1
-215.864,18.269,1
-215.464,18.650,1
-215.039,19.050,1
-214.639,19.423,1
-214.211,19.823,1
-213.811,20.365,1
-213.585,20.765,1
-213.419,21.200,1
-213.115,22.000,1
-212.881,22.614,1
-212.729,23.014,1
-212.506,23.600,1
-212.202,24.400,1
-212.025,24.866,1
-211.873,25.266,1
-211.594,26.000,1
-211.321,26.711,1
-211.165,27.111,1
-210.970,27.600,1
-211.024,28.460,1
-211.025,28.464,1
-211.026,28.466,1
-211.028,28.470,1
-211.204,28.793,1
-211.538,28.924,1
-211.541,28.926,1
-211.544,28.927,1
-211.547,28.928,1
-212.400,29.248,1
-213.068,29.499,1
-213.468,29.650,1
-214.000,29.849,1
-214.800,30.151,1
-215.330,30.351,1
-215.730,30.502,1
-216.400,30.756,1
-217.232,31.071,1
-217.245,31.076,1
-217.253,31.079,1
-217.268,31.084,1
-217.587,31.205,1
-217.916,31.330,1
-217.931,31.336,1
-217.942,31.340,1
-218.800,31.667,1
-219.437,31.910,1
-219.837,32.062,1
-220.400,32.277,1
-221.200,32.582,1
-221.686,32.767,1
-222.086,32.920,1
-222.800,33.193,1
-223.552,33.480,1
-223.606,33.500,1
-223.642,33.514,1
-223.733,33.549,1
-223.934,33.625,1
-224.168,33.697,1
-224.273,33.730,1
-224.327,33.745,1
-224.940,33.744,1
-225.332,33.200,1
-225.592,32.788,1
-225.845,32.388,1
-226.245,31.754,1
-226.495,31.354,1
-226.826,30.800,1
-226.991,30.000,1
-226.660,29.256,1
-226.359,28.856,1
-226.359,28.730,1
-226.650,28.330,1
-227.050,27.854,1
-227.600,27.648,1
-228.351,27.432,1
-228.383,27.426,1
-228.464,27.389,1
-228.645,27.145,1
-228.943,26.800,1
-229.075,26.569,1
-229.305,26.078,1
-229.446,25.922,1
-229.699,25.396,1
-229.800,25.200,1
-229.890,24.995,1
-230.091,24.484,1
-230.201,24.374,1
-230.375,23.985,1
-230.569,23.600,1
-230.741,23.224,1
-230.895,22.798,1
-230.984,22.695,1
-231.289,22.063,1
-231.309,21.967,1
-231.315,21.926,1
-231.506,21.200,1
-231.404,20.617,1
-231.073,20.217,1
-231.073,19.832,1
-231.352,19.432,1
-231.752,18.931,1
-232.082,18.531,1
-232.142,18.000,1
-232.084,17.200,1
-232.022,16.495,1
-232.016,16.431,1
-231.955,15.734,1
-231.945,15.630,1
-231.942,15.591,1
-231.872,14.800,1
-231.858,14.639,1
-231.837,14.400,1
-229.503,14.400,1
-227.633,14.400,1
-227.100,14.400,1
-227.186,14.486,1
-227.200,14.500,1
-228.000,14.500,1
-228.400,14.900,1
-228.500,15.000,1
-228.600,15.100,1
-229.000,15.500,1
-229.400,15.900,1
-229.500,16.000,1
-229.500,16.200,1
-229.500,17.000,1
-229.678,17.178,1
-230.013,17.513,1
-229.883,17.965,1
-229.575,18.365,1
-229.285,18.800,1
-228.941,19.602,1
-228.919,19.668,1
-228.916,19.950,1
-228.857,20.400,1
-228.781,20.749,1
-228.767,21.200,1
-228.398,22.022,1
-228.397,22.024,1
-228.397,22.025,1
-228.396,22.025,1
-228.396,22.026,1
-228.396,22.026,1
-228.394,22.029,1
-227.971,22.800,1
-227.604,23.567,1
-227.593,23.592,1
-227.588,23.599,1
-227.578,23.619,1
-227.178,24.400,1
-226.814,25.045,1
-226.760,25.151,1
-226.727,25.195,1
-226.521,25.453,1
-226.118,25.976,1
-226.004,26.065,1
-225.893,26.183,1
-225.457,26.668,1
-225.360,26.769,1
-224.907,27.362,1
-224.664,27.762,1
-224.446,28.400,1
-224.482,29.200,1
-224.646,29.854,1
-224.546,29.954,1
-224.500,30.000,1
-224.100,30.400,1
-224.000,30.500,1
,,
-123.620,108.400,2
-123.918,109.089,2
-123.984,109.213,2
-124.390,109.962,2
-124.407,109.992,2
-124.412,110.001,2
-124.458,110.079,2
-124.857,110.765,2
-124.932,110.854,2
-125.356,111.552,2
-125.629,111.952,2
-125.911,112.400,2
-126.282,113.029,2
-126.504,113.429,2
-126.831,114.000,2
-127.128,114.552,2
-127.322,114.952,2
-127.664,115.600,2
-127.942,116.122,2
-128.163,116.522,2
-128.579,117.176,2
-128.601,117.214,2
-128.617,117.234,2
-128.652,117.276,2
-128.848,117.549,2
-129.077,117.856,2
-129.111,117.907,2
-129.134,117.939,2
-129.535,118.496,2
-129.827,118.896,2
-130.227,119.437,2
-130.532,119.837,2
-130.953,120.363,2
-130.988,120.407,2
-131.018,120.442,2
-131.096,120.527,2
-131.270,120.733,2
-131.448,120.973,2
-131.518,121.076,2
-131.557,121.131,2
-131.945,121.693,2
-132.193,122.093,2
-132.632,122.761,2
-132.702,122.854,2
-133.152,123.429,2
-133.249,123.544,2
-133.317,123.624,2
-133.990,124.370,2
-134.009,124.390,2
-134.027,124.408,2
-134.792,125.160,2
-134.817,125.184,2
-134.844,125.210,2
-135.582,125.914,2
-135.636,125.965,2
-135.695,126.021,2
-136.373,126.671,2
-136.453,126.748,2
-136.539,126.832,2
-137.164,127.437,2
-137.265,127.536,2
-137.371,127.640,2
-137.959,128.217,2
-138.072,128.329,2
-138.185,128.444,2
-138.771,129.068,2
-138.848,129.153,2
-138.904,129.220,2
-139.450,129.952,2
-139.460,129.969,2
-139.465,129.980,2
-139.876,130.765,2
-139.894,130.816,2
-140.195,131.535,2
-140.232,131.609,2
-140.256,131.637,2
-140.632,132.051,2
-141.200,132.121,2
-142.000,132.283,2
-142.737,132.613,2
-143.137,132.837,2
-143.600,133.115,2
-144.183,133.477,2
-144.583,133.751,2
-145.162,134.151,2
-145.562,134.426,2
-146.000,134.732,2
-146.511,135.106,2
-146.911,135.494,2
-147.287,135.894,2
-147.638,136.407,2
-147.674,136.471,2
-147.783,136.633,2
-148.178,136.991,2
-148.328,137.070,2
-148.399,137.071,2
-149.200,137.214,2
-150.000,137.204,2
-150.800,137.401,2
-151.218,137.591,2
-151.618,137.772,2
-152.400,138.088,2
-152.974,138.316,2
-153.374,138.505,2
-154.000,138.796,2
-154.580,139.091,2
-154.980,139.349,2
-155.455,139.749,2
-155.855,140.169,2
-156.277,140.569,2
-156.677,140.891,2
-157.131,140.894,2
-157.133,140.894,2
-157.144,140.892,2
-157.158,140.887,2
-157.558,140.783,2
-157.989,140.674,2
-158.011,140.669,2
-158.029,140.664,2
-158.800,140.568,2
-159.549,140.654,2
-159.566,140.656,2
-159.613,140.668,2
-160.458,140.891,2
-160.486,140.899,2
-161.200,141.167,2
-161.770,141.473,2
-162.170,141.767,2
-162.617,142.167,2
-162.928,142.500,2
-163.000,142.500,2
-163.076,142.576,2
-163.124,142.624,2
-163.285,142.785,2
-163.311,142.803,2
-163.560,142.979,2
-163.596,143.009,2
-163.613,143.051,2
-163.656,143.090,2
-164.142,143.218,2
-164.400,143.190,2
-164.891,143.031,2
-165.129,142.981,2
-165.200,142.981,2
-166.000,142.844,2
-166.869,143.020,2
-166.936,143.031,2
-167.532,143.103,2
-167.600,143.104,2
-168.400,142.936,2
-169.200,142.786,2
-170.000,142.748,2
-170.800,142.787,2
-171.600,142.873,2
-172.400,142.953,2
-173.143,143.027,2
-173.200,143.033,2
-173.511,143.064,2
-174.000,143.113,2
-174.247,143.136,2
-174.800,143.189,2
-175.234,143.214,2
-175.600,143.236,2
-176.061,143.226,2
-176.400,143.218,2
-176.769,143.187,2
-177.200,143.151,2
-177.429,143.129,2
-178.000,143.074,2
-178.045,143.069,2
-178.278,143.047,2
-178.660,143.010,2
-178.732,143.003,2
-179.600,142.920,2
-180.400,142.835,2
-181.200,142.778,2
-182.000,142.782,2
-182.800,142.860,2
-183.661,143.061,2
-183.708,143.057,2
-184.340,143.034,2
-184.388,143.028,2
-185.200,142.837,2
-186.000,142.913,2
-186.753,143.077,2
-186.770,143.077,2
-186.818,143.084,2
-187.349,143.174,2
-187.410,143.184,2
-187.501,143.199,2
-187.572,143.128,2
-187.675,143.025,2
-187.892,142.808,2
-188.129,142.571,2
-188.198,142.502,2
-188.200,142.500,2
-188.209,142.500,2
-188.659,142.500,2
-188.675,142.500,2
-188.676,142.498,2
-188.785,142.385,2
-189.258,141.962,2
-189.302,141.937,2
-189.353,141.893,2
-189.664,141.637,2
-189.934,141.472,2
-189.988,141.439,2
-190.005,141.430,2
-190.026,141.422,2
-190.827,141.020,2
-190.863,141.010,2
-190.931,140.988,2
-191.399,140.829,2
-191.600,140.771,2
-191.800,140.734,2
-192.234,140.673,2
-192.403,140.646,2
-192.459,140.636,2
-193.095,140.663,2
-193.133,140.665,2
-193.246,140.689,2
-194.027,140.861,2
-194.090,140.881,2
-194.578,140.891,2
-194.978,140.694,2
-195.471,140.294,2
-195.871,139.879,2
-196.470,139.458,2
-196.526,139.420,2
-196.610,139.351,2
-196.820,139.211,2
-197.021,139.100,2
-197.123,139.057,2
-197.159,139.037,2
-197.214,139.011,2
-198.000,138.607,2
-198.436,138.417,2
-198.836,138.228,2
-199.600,137.868,2
-200.086,137.640,2
-200.486,137.454,2
-201.200,137.205,2
-202.000,137.088,2
-202.800,137.117,2
-203.371,136.979,2
-203.771,136.539,2
-204.098,136.139,2
-204.498,135.662,2
-204.867,135.262,2
-205.267,134.920,2
-205.773,134.520,2
-206.173,134.254,2
-206.843,133.827,2
-206.873,133.807,2
-206.898,133.788,2
-206.924,133.771,2
-207.194,133.596,2
-207.469,133.401,2
-207.496,133.382,2
-207.524,133.365,2
-208.177,132.912,2
-208.577,132.671,2
-209.200,132.394,2
-210.000,132.194,2
-210.707,132.072,2
-210.725,132.064,2
-210.758,132.039,2
-210.812,132.005,2
-211.065,131.878,2
-211.230,131.627,2
-211.276,131.570,2
-211.301,131.541,2
-211.308,131.516,2
-211.598,130.800,2
-211.879,130.200,2
-212.144,129.800,2
-212.572,129.278,2
-212.598,129.244,2
-212.627,129.213,2
-212.692,129.142,2
-212.901,128.907,2
-213.139,128.666,2
-213.257,128.546,2
-213.301,128.500,2
-213.346,128.455,2
-213.464,128.337,2
-213.702,128.100,2
-213.938,127.869,2
-214.059,127.751,2
-214.106,127.705,2
-214.154,127.658,2
-214.280,127.534,2
-214.511,127.308,2
-214.733,127.090,2
-214.863,126.963,2
-214.914,126.913,2
-214.966,126.863,2
-215.102,126.729,2
-215.319,126.517,2
-215.530,126.312,2
-215.615,126.228,2
-215.652,126.193,2
-215.683,126.162,2
-216.131,125.726,2
-216.531,125.341,2
-216.948,124.941,2
-217.348,124.558,2
-217.762,124.158,2
-218.187,123.690,2
-218.215,123.662,2
-218.234,123.630,2
-218.301,123.557,2
-218.493,123.324,2
-218.686,123.022,2
-218.740,122.928,2
-218.760,122.864,2
-219.133,122.305,2
-219.421,121.905,2
-219.821,121.421,2
-220.205,121.021,2
-220.605,120.494,2
-220.849,120.094,2
-221.161,119.600,2
-221.512,119.106,2
-221.842,118.706,2
-222.242,118.211,2
-222.555,117.811,2
-222.997,117.130,2
-222.998,117.128,2
-223.002,117.122,2
-223.394,116.475,2
-223.397,116.469,2
-223.842,115.699,2
-224.039,115.299,2
-224.302,114.800,2
-224.663,114.127,2
-224.858,113.727,2
-225.136,113.200,2
-225.479,112.590,2
-225.701,112.190,2
-226.127,111.546,2
-226.133,111.533,2
-226.143,111.522,2
-226.392,111.171,2
-226.608,110.842,2
-226.616,110.827,2
-226.619,110.821,2
-226.623,110.814,2
-226.712,110.667,2
-227.053,110.091,2
-227.075,110.073,2
-227.091,110.043,2
-227.123,109.987,2
-227.269,109.723,2
-227.450,109.384,2
-227.490,109.307,2
-227.519,109.256,2
-227.880,108.492,2
-227.887,108.481,2
-227.893,108.462,2
-227.904,108.435,2
-228.033,108.092,2
-228.174,107.684,2
-228.188,107.643,2
-228.200,107.609,2
-228.475,106.800,2
-228.705,106.121,2
-228.711,106.103,2
-228.720,106.078,2
-228.730,106.047,2
-228.841,105.720,2
-228.978,105.311,2
-228.995,105.258,2
-229.009,105.216,2
-229.281,104.400,2
-229.507,103.724,2
-229.513,103.706,2
-229.522,103.680,2
-229.532,103.649,2
-229.641,103.326,2
-229.791,102.917,2
-229.811,102.864,2
-229.826,102.823,2
-230.200,102.022,2
-230.204,102.013,2
-230.209,102.005,2
-230.219,101.988,2
-230.424,101.646,2
-230.792,101.218,2
-230.801,101.207,2
-230.806,101.201,2
-230.810,101.197,2
-230.817,101.189,2
-231.193,100.788,2
-231.476,100.435,2
-231.481,100.428,2
-231.484,100.425,2
-231.486,100.421,2
-231.486,100.419,2
-231.490,100.406,2
-231.721,99.600,2
-231.527,98.800,2
-231.397,98.000,2
-231.441,97.200,2
-231.545,96.400,2
-231.670,95.600,2
-231.828,94.800,2
-231.955,94.091,2
-232.016,93.691,2
-232.167,93.200,2
-232.500,92.522,2
-232.500,92.582,2
-232.500,92.644,2
-232.500,92.716,2
-232.500,102.482,2
-232.406,102.590,2
-232.350,102.664,2
-232.330,102.689,2
-232.301,102.708,2
-232.291,102.734,2
-232.250,102.792,2
-231.991,103.198,2
-231.848,103.603,2
-231.846,103.613,2
-231.842,103.621,2
-231.583,104.400,2
-231.334,105.151,2
-231.332,105.155,2
-231.331,105.159,2
-231.329,105.165,2
-231.192,105.576,2
-231.049,106.006,2
-231.046,106.014,2
-231.044,106.022,2
-230.782,106.800,2
-230.530,107.542,2
-230.527,107.548,2
-230.525,107.556,2
-230.521,107.566,2
-230.387,107.962,2
-230.243,108.387,2
-230.238,108.401,2
-230.233,108.414,2
-229.962,109.200,2
-229.711,109.815,2
-229.498,110.215,2
-229.140,110.863,2
-229.108,110.921,2
-229.059,111.010,2
-228.877,111.339,2
-228.741,111.586,2
-228.707,111.649,2
-228.688,111.684,2
-228.661,111.693,2
-228.258,112.321,2
-227.948,112.721,2
-227.705,113.200,2
-227.357,113.849,2
-227.117,114.249,2
-226.838,114.800,2
-226.521,115.394,2
-226.290,115.794,2
-225.974,116.400,2
-225.684,116.942,2
-225.468,117.342,2
-225.086,118.000,2
-224.819,118.427,2
-224.534,118.827,2
-224.134,119.366,2
-223.823,119.766,2
-223.423,120.268,2
-223.098,120.668,2
-222.663,121.216,2
-222.636,121.252,2
-222.616,121.278,2
-222.579,121.343,2
-222.391,121.588,2
-222.210,121.841,2
-222.162,121.891,2
-222.134,121.928,2
-221.706,122.534,2
-221.405,122.934,2
-220.989,123.560,2
-220.971,123.586,2
-220.953,123.606,2
-220.919,123.663,2
-220.745,123.932,2
-220.420,124.376,2
-220.411,124.388,2
-220.407,124.392,2
-220.405,124.396,2
-220.401,124.401,2
-220.058,124.870,2
-219.809,125.159,2
-219.722,125.261,2
-219.692,125.297,2
-219.651,125.341,2
-219.535,125.471,2
-219.314,125.719,2
-219.090,125.934,2
-218.960,126.059,2
-218.913,126.109,2
-218.865,126.154,2
-218.749,126.262,2
-218.502,126.494,2
-218.232,126.749,2
-218.127,126.849,2
-218.087,126.886,2
-218.049,126.922,2
-217.956,127.010,2
-217.679,127.275,2
-217.386,127.558,2
-217.302,127.640,2
-217.270,127.670,2
-217.239,127.700,2
-217.161,127.775,2
-216.865,128.063,2
-216.557,128.363,2
-216.486,128.433,2
-216.459,128.459,2
-216.433,128.485,2
-216.366,128.550,2
-216.055,128.854,2
-215.734,129.169,2
-215.673,129.228,2
-215.650,129.250,2
-215.628,129.272,2
-215.570,129.328,2
-215.247,129.646,2
-214.912,129.974,2
-214.861,130.023,2
-214.842,130.042,2
-214.823,130.060,2
-214.775,130.108,2
-214.439,130.438,2
-214.166,130.758,2
-214.099,130.836,2
-214.071,130.866,2
-214.039,130.905,2
-213.943,131.032,2
-213.704,131.329,2
-213.561,131.553,2
-213.511,131.626,2
-213.480,131.664,2
-213.480,131.702,2
-213.448,132.053,2
-213.410,132.400,2
-213.396,132.470,2
-213.154,133.064,2
-213.136,133.109,2
-213.084,133.148,2
-212.958,133.266,2
-212.695,133.516,2
-212.447,133.713,2
-212.385,133.763,2
-212.353,133.788,2
-212.329,133.803,2
-211.569,134.205,2
-211.515,134.219,2
-210.857,134.173,2
-210.806,134.183,2
-209.981,134.179,2
-209.974,134.181,2
-209.969,134.182,2
-209.590,134.394,2
-209.219,134.627,2
-209.216,134.630,2
-209.212,134.635,2
-209.206,134.638,2
-208.587,135.049,2
-208.187,135.324,2
-207.570,135.737,2
-207.559,135.741,2
-207.549,135.745,2
-207.175,135.988,2
-206.820,136.215,2
-206.815,136.221,2
-206.808,136.229,2
-206.799,136.234,2
-206.227,136.643,2
-205.827,137.059,2
-205.513,137.459,2
-205.385,138.000,2
-205.072,138.601,2
-204.426,139.004,2
-204.417,139.013,2
-204.408,139.017,2
-204.391,139.027,2
-204.039,139.221,2
-203.657,139.409,2
-203.639,139.418,2
-203.622,139.425,2
-202.963,139.412,2
-202.563,139.059,2
-201.975,139.051,2
-201.938,139.056,2
-201.898,139.062,2
-201.544,139.173,2
-201.228,139.318,2
-201.208,139.334,2
-201.191,139.351,2
-201.160,139.365,2
-200.353,139.757,2
-200.302,139.768,2
-200.230,139.788,2
-199.882,139.947,2
-199.608,140.070,2
-199.577,140.097,2
-199.557,140.118,2
-199.513,140.138,2
-198.800,140.432,2
-198.194,140.706,2
-197.794,140.899,2
-197.237,141.312,2
-197.203,141.332,2
-197.183,141.355,2
-197.142,141.407,2
-196.858,141.707,2
-196.761,142.001,2
-196.745,142.038,2
-196.730,142.057,2
-196.712,142.081,2
-196.340,142.606,2
-195.562,142.961,2
-195.515,142.977,2
-195.415,143.010,2
-194.977,143.156,2
-194.800,143.213,2
-194.173,143.134,2
-194.029,143.143,2
-193.934,143.085,2
-193.200,142.809,2
-192.400,142.806,2
-191.594,143.015,2
-191.560,143.031,2
-191.503,143.046,2
-191.145,143.158,2
-190.824,143.301,2
-190.790,143.321,2
-190.771,143.336,2
-190.757,143.354,2
-190.176,143.748,2
-189.799,144.403,2
-189.798,144.404,2
-189.798,144.408,2
-189.532,145.200,2
-189.517,145.637,2
-189.509,146.000,2
-189.508,146.456,2
-189.506,146.800,2
-189.562,147.220,2
-189.576,147.600,2
-189.650,147.801,2
-189.774,148.318,2
-189.782,148.369,2
-189.783,148.388,2
-189.978,149.200,2
-190.045,149.900,2
-182.814,149.900,2
-182.993,149.198,2
-182.995,149.129,2
-183.046,148.958,2
-183.342,148.479,2
-183.469,148.305,2
-183.623,148.119,2
-184.145,147.821,2
-184.400,147.657,2
-185.002,147.783,2
-185.200,147.818,2
-185.636,147.848,2
-186.024,148.044,2
-186.662,147.618,2
-186.826,147.147,2
-186.893,146.800,2
-186.892,146.660,2
-186.897,146.000,2
-186.884,145.924,2
-186.800,145.805,2
-186.683,145.553,2
-186.182,145.189,2
-186.129,145.166,2
-186.116,145.163,2
-186.107,145.156,2
-186.104,145.152,2
-185.246,145.119,2
-185.200,145.120,2
-184.409,145.197,2
-184.404,145.198,2
-184.404,145.198,2
-184.404,145.198,2
-184.403,145.198,2
-183.747,145.192,2
-183.668,145.203,2
-182.786,144.936,2
-182.773,144.938,2
-182.699,144.933,2
-182.000,144.865,2
-181.839,144.881,2
-181.394,144.924,2
-181.197,144.943,2
-181.151,144.947,2
-180.400,145.019,2
-179.600,145.096,2
-178.800,145.173,2
-178.000,145.250,2
-177.200,145.327,2
-176.346,145.409,2
-176.277,145.411,2
-175.630,145.427,2
-175.561,145.422,2
-174.800,145.369,2
-174.000,145.290,2
-173.200,145.210,2
-172.400,145.130,2
-171.600,145.051,2
-170.851,144.976,2
-170.793,144.970,2
-170.480,144.937,2
-170.000,144.886,2
-169.785,144.879,2
-169.200,144.839,2
-169.071,144.851,2
-168.594,144.948,2
-168.492,144.968,2
-168.463,144.966,2
-167.609,145.252,2
-167.540,145.247,2
-166.787,145.197,2
-166.763,145.200,2
-166.760,145.200,2
-166.759,145.197,2
-166.757,145.196,2
-166.730,145.190,2
-166.056,145.037,2
-166.000,145.024,2
-165.216,145.184,2
-165.202,145.182,2
-165.191,145.193,2
-165.158,145.209,2
-165.103,145.286,2
-164.506,146.000,2
-164.505,146.526,2
-164.501,146.782,2
-164.648,147.331,2
-164.779,147.618,2
-164.949,147.842,2
-165.182,147.984,2
-165.556,148.014,2
-166.000,147.973,2
-166.520,147.742,2
-166.776,147.637,2
-167.295,147.776,2
-167.576,147.840,2
-167.778,148.028,2
-168.112,148.347,2
-168.176,148.391,2
-168.204,148.409,2
-168.222,148.438,2
-168.595,149.200,2
-168.726,149.900,2
-161.563,149.900,2
-161.590,149.457,2
-161.644,149.057,2
-161.791,148.400,2
-161.997,147.670,2
-162.002,147.572,2
-162.041,147.117,2
-162.085,146.800,2
-162.084,146.713,2
-162.098,146.000,2
-162.094,145.934,2
-162.088,145.653,2
-162.089,145.218,2
-162.097,145.133,2
-161.814,144.382,2
-161.815,144.335,2
-161.795,144.270,2
-161.258,143.636,2
-161.225,143.608,2
-161.200,143.580,2
-161.110,143.535,2
-160.400,143.129,2
-159.965,143.013,2
-159.675,142.935,2
-159.564,142.905,2
-158.800,142.701,2
-157.982,142.932,2
-157.974,142.932,2
-157.967,142.937,2
-157.954,142.947,2
-157.445,143.205,2
-157.200,143.249,2
-156.476,143.124,2
-156.365,143.110,2
-156.321,143.095,2
-155.600,142.831,2
-155.056,142.540,2
-154.759,141.994,2
-154.724,141.937,2
-154.658,141.762,2
-154.183,141.208,2
-154.051,141.136,2
-154.005,141.082,2
-153.354,140.725,2
-153.205,140.640,2
-153.188,140.632,2
-152.403,140.281,2
-152.352,140.259,2
-152.226,140.202,2
-151.610,139.933,2
-151.526,139.896,2
-150.800,139.570,2
-150.068,139.288,2
-150.003,139.229,2
-149.870,139.229,2
-149.225,139.216,2
-149.180,139.246,2
-149.154,139.262,2
-149.077,139.262,2
-148.400,139.428,2
-147.665,139.328,2
-147.577,139.278,2
-146.985,138.945,2
-146.857,138.873,2
-146.802,138.842,2
-146.274,138.510,2
-146.130,138.000,2
-145.807,137.193,2
-145.742,137.109,2
-145.281,136.654,2
-145.198,136.593,2
-144.583,136.143,2
-144.183,135.870,2
-143.585,135.474,2
-143.573,135.466,2
-143.550,135.451,2
-142.828,134.982,2
-142.809,134.970,2
-142.171,134.548,2
-141.771,134.305,2
-141.200,134.053,2
-140.348,134.156,2
-140.330,134.151,2
-140.051,134.114,2
-139.629,134.081,2
-139.618,134.081,2
-139.569,134.052,2
-139.469,133.980,2
-138.850,133.518,2
-138.741,133.432,2
-138.224,132.982,2
-138.126,132.400,2
-138.001,131.600,2
-137.699,131.073,2
-137.332,130.673,2
-136.932,130.270,2
-136.455,129.803,2
-136.330,129.679,2
-135.907,129.270,2
-135.717,129.086,2
-135.541,128.916,2
-135.061,128.457,2
-134.899,128.303,2
-134.752,128.162,2
-134.209,127.646,2
-134.079,127.522,2
-133.961,127.410,2
-133.357,126.834,2
-133.259,126.742,2
-133.171,126.658,2
-132.535,126.031,2
-132.451,125.947,2
-132.364,125.855,2
-131.811,125.242,2
-131.760,125.183,2
-131.320,124.653,2
-131.010,124.253,2
-130.610,123.657,2
-130.370,123.257,2
-130.045,122.800,2
-129.675,122.299,2
-129.357,121.899,2
-128.957,121.394,2
-128.640,120.994,2
-128.240,120.470,2
-127.947,120.070,2
-127.603,119.600,2
-127.256,119.130,2
-126.937,118.730,2
-126.537,118.172,2
-126.293,117.772,2
-125.986,117.200,2
-125.693,116.629,2
-125.456,116.229,2
-125.121,115.600,2
-124.865,115.085,2
-124.622,114.685,2
-124.254,114.000,2
-124.033,113.540,2
-123.784,113.140,2
-123.369,112.430,2
-123.257,112.333,2
-122.804,111.616,2
-122.797,111.604,2
-122.795,111.600,2
-122.775,111.564,2
-122.362,110.815,2
-122.299,110.703,2
-121.916,109.998,2
-121.893,109.956,2
-121.843,109.844,2
-121.564,109.200,2
-121.399,108.705,2
-121.322,108.469,2
-121.297,108.391,2
-121.150,107.931,2
-121.050,107.617,2
-121.033,107.564,2
-120.985,107.415,2
-120.786,106.800,2
-120.603,106.244,2
-120.539,106.053,2
-120.518,105.988,2
-120.375,105.561,2
-120.259,105.216,2
-120.241,105.162,2
-120.192,105.016,2
-119.983,104.400,2
-119.798,103.854,2
-119.731,103.657,2
-119.708,103.596,2
-119.353,102.833,2
-119.296,102.744,2
-119.021,102.453,2
-119.000,102.431,2
-119.000,102.033,2
-119.000,101.069,2
-119.000,99.267,2
-119.000,99.255,2
-119.000,98.978,2
-119.000,98.512,2
-119.000,97.843,2
-119.000,97.392,2
-119.000,92.369,2
-119.000,92.333,2
-119.000,92.315,2
-119.001,92.316,2
-119.256,92.716,2
-119.431,93.200,2
-119.601,94.000,2
-119.698,94.800,2
-119.829,95.600,2
-119.957,96.300,2
-120.013,96.700,2
-120.135,97.200,2
-120.317,98.000,2
-120.190,98.849,2
-120.185,98.889,2
-120.167,98.934,2
-120.027,99.292,2
-119.915,99.587,2
-119.900,99.626,2
-119.896,99.649,2
-119.896,99.659,2
-119.874,100.214,2
-120.146,100.614,2
-120.546,101.033,2
-120.956,101.433,2
-121.348,102.002,2
-121.354,102.011,2
-121.365,102.032,2
-121.741,102.822,2
-121.747,102.837,2
-122.021,103.600,2
-122.273,104.346,2
-122.279,104.363,2
-122.555,105.190,2
-122.564,105.217,2
-122.568,105.230,2
-122.821,106.000,2
-123.066,106.760,2
-123.067,106.764,2
-123.343,107.625,2
-123.345,107.631,2
-123.346,107.633,2
-123.620,108.400,2
,,
-183.081,151.436,3
-183.349,151.836,3
-183.749,152.172,3
-184.400,152.362,3
-185.150,152.153,3
-185.195,152.148,3
-185.228,152.130,3
-185.306,152.079,3
-185.525,151.945,3
-185.942,151.632,3
-185.976,151.607,3
-185.986,151.600,3
-185.993,151.593,3
-186.003,151.585,3
-186.040,151.585,3
-186.789,151.589,3
-186.792,151.589,3
-186.813,151.605,3
-186.813,151.605,3
-186.862,151.645,3
-187.476,152.093,3
-187.600,152.168,3
-188.400,152.371,3
-189.037,152.155,3
-189.437,151.811,3
-189.704,151.411,3
-189.708,151.400,3
-187.245,151.400,3
-187.224,151.400,3
-186.875,151.400,3
-183.753,151.400,3
-183.470,151.400,3
-183.068,151.400,3
-183.081,151.436,3
,,
-127.350,52.381,4
-127.303,52.451,4
-127.113,52.691,4
-126.845,53.030,4
-126.771,53.114,4
-126.750,53.146,4
-126.727,53.166,4
-126.695,53.221,4
-126.400,53.607,4
-126.176,53.984,4
-126.174,53.986,4
-126.173,53.988,4
-125.760,54.731,4
-125.751,54.754,4
-125.735,54.774,4
-125.723,54.810,4
-125.557,55.120,4
-125.363,55.485,4
-125.333,55.529,4
-125.318,55.564,4
-124.929,56.313,4
-124.919,56.343,4
-124.899,56.371,4
-124.888,56.420,4
-124.761,56.694,4
-124.603,57.037,4
-124.563,57.101,4
-124.547,57.146,4
-124.143,57.925,4
-124.129,57.973,4
-124.095,58.007,4
-124.066,58.095,4
-123.947,58.311,4
-123.810,58.575,4
-123.742,58.667,4
-123.716,58.732,4
-123.346,59.472,4
-123.123,59.872,4
-122.851,60.400,4
-122.528,61.084,4
-122.340,61.484,4
-122.069,62.000,4
-121.742,62.800,4
-121.613,63.235,4
-121.451,63.635,4
-121.171,64.400,4
-120.927,65.200,4
-120.806,65.617,4
-120.644,66.017,4
-120.360,66.800,4
-120.118,67.633,4
-120.107,67.678,4
-120.085,67.707,4
-120.079,67.729,4
-120.000,68.000,4
-119.861,68.271,4
-119.850,68.293,4
-119.835,68.327,4
-119.624,68.770,4
-119.428,69.224,4
-119.413,69.268,4
-119.392,69.325,4
-119.244,69.726,4
-119.134,70.042,4
-119.122,70.076,4
-119.113,70.103,4
-119.106,70.121,4
-119.005,70.410,4
-119.000,70.423,4
-119.000,71.570,4
-119.000,76.633,4
-119.000,80.132,4
-119.080,80.040,4
-119.172,79.934,4
-119.341,79.606,4
-119.352,79.584,4
-119.358,79.573,4
-119.361,79.560,4
-119.622,78.800,4
-119.783,77.947,4
-119.794,77.875,4
-119.838,77.601,4
-119.889,77.279,4
-119.902,77.200,4
-119.975,76.744,4
-120.031,76.400,4
-120.061,76.215,4
-120.135,75.752,4
-120.156,75.623,4
-120.163,75.582,4
-120.289,74.800,4
-120.418,74.000,4
-120.547,73.200,4
-120.681,72.466,4
-120.684,72.456,4
-120.687,72.443,4
-120.790,72.004,4
-120.919,71.561,4
-120.922,71.553,4
-120.924,71.547,4
-120.925,71.543,4
-121.176,70.800,4
-121.463,70.036,4
-121.465,70.028,4
-121.469,70.020,4
-121.473,70.005,4
-121.612,69.660,4
-121.789,69.269,4
-121.797,69.254,4
-121.803,69.237,4
-122.221,68.365,4
-122.226,68.342,4
-122.241,68.283,4
-122.479,67.631,4
-122.497,67.599,4
-122.744,66.800,4
-123.053,65.961,4
-123.053,65.959,4
-123.054,65.956,4
-123.306,65.208,4
-123.307,65.206,4
-123.558,64.400,4
-123.868,63.559,4
-123.875,63.540,4
-124.113,62.872,4
-124.120,62.850,4
-124.121,62.837,4
-124.433,62.000,4
-124.710,61.332,4
-124.723,61.312,4
-124.743,61.272,4
-124.770,61.215,4
-124.883,60.965,4
-125.201,60.400,4
-125.204,60.394,4
-125.205,60.392,4
-125.208,60.388,4
-125.218,60.371,4
-125.521,59.860,4
-125.646,59.629,4
-125.679,59.561,4
-125.705,59.521,4
-125.719,59.494,4
-126.115,58.751,4
-126.138,58.707,4
-126.169,58.648,4
-126.352,58.299,4
-126.497,58.015,4
-126.520,57.969,4
-126.532,57.944,4
-126.541,57.924,4
-126.939,57.169,4
-126.953,57.142,4
-126.970,57.110,4
-127.167,56.737,4
-127.342,56.409,4
-127.355,56.381,4
-127.364,56.367,4
-127.370,56.354,4
-127.782,55.591,4
-127.783,55.590,4
-127.784,55.588,4
-127.999,55.204,4
-128.258,54.817,4
-128.259,54.815,4
-128.259,54.814,4
-128.260,54.813,4
-128.673,54.236,4
-128.987,53.836,4
-129.409,53.302,4
-129.439,53.264,4
-129.471,53.224,4
-129.534,53.143,4
-129.703,52.930,4
-129.940,52.629,4
-130.035,52.508,4
-130.065,52.471,4
-130.084,52.446,4
-130.142,52.372,4
-130.417,52.023,4
-130.735,51.613,4
-130.761,51.578,4
-130.770,51.567,4
-130.784,51.549,4
-130.830,51.491,4
-131.128,51.106,4
-131.327,50.847,4
-131.369,50.790,4
-131.391,50.762,4
-131.413,50.733,4
-131.835,50.184,4
-132.142,49.784,4
-132.563,49.238,4
-132.579,49.218,4
-132.591,49.202,4
-132.623,49.160,4
-132.851,48.866,4
-133.193,48.424,4
-133.202,48.412,4
-133.206,48.407,4
-133.209,48.404,4
-133.214,48.397,4
-133.561,47.954,4
-133.842,47.634,4
-133.910,47.556,4
-133.932,47.530,4
-133.963,47.498,4
-134.049,47.404,4
-134.314,47.114,4
-134.583,46.856,4
-134.685,46.758,4
-134.721,46.723,4
-134.757,46.689,4
-134.847,46.602,4
-135.130,46.334,4
-135.438,46.041,4
-135.514,45.969,4
-135.542,45.943,4
-135.564,45.922,4
-135.635,45.854,4
-135.951,45.554,4
-136.296,45.227,4
-136.340,45.185,4
-136.362,45.163,4
-136.382,45.145,4
-136.423,45.106,4
-136.772,44.774,4
-137.151,44.413,4
-137.172,44.392,4
-137.182,44.383,4
-137.192,44.373,4
-137.211,44.355,4
-137.590,43.992,4
-137.972,43.609,4
-137.984,43.597,4
-137.990,43.591,4
-137.996,43.585,4
-138.008,43.572,4
-138.385,43.185,4
-138.684,42.829,4
-138.729,42.774,4
-138.755,42.746,4
-138.785,42.707,4
-138.858,42.615,4
-139.120,42.285,4
-139.268,42.049,4
-139.313,41.977,4
-139.334,41.947,4
-139.347,41.920,4
-139.732,41.134,4
-139.766,41.065,4
-139.812,40.963,4
-139.937,40.682,4
-140.186,40.474,4
-140.279,40.393,4
-140.333,40.354,4
-141.200,40.024,4
-141.619,40.006,4
-142.019,39.864,4
-142.800,39.535,4
-143.296,39.271,4
-143.696,38.996,4
-144.297,38.596,4
-144.697,38.329,4
-145.200,38.003,4
-145.706,37.674,4
-146.106,37.368,4
-146.576,36.968,4
-146.976,36.558,4
-147.320,36.158,4
-147.735,35.554,4
-147.742,35.544,4
-147.750,35.532,4
-148.010,35.186,4
-148.354,35.040,4
-148.367,35.035,4
-148.376,35.032,4
-149.200,34.904,4
-150.000,34.884,4
-150.800,34.734,4
-151.427,34.505,4
-151.827,34.320,4
-152.400,34.058,4
-153.098,33.738,4
-153.498,33.552,4
-154.000,33.318,4
-154.684,32.966,4
-155.084,32.724,4
-155.548,32.324,4
-155.948,31.940,4
-156.396,31.505,4
-156.411,31.487,4
-156.430,31.467,4
-156.468,31.431,4
-156.890,31.157,4
-157.200,31.094,4
-157.366,31.109,4
-158.000,31.175,4
-158.550,31.257,4
-158.800,31.293,4
-159.368,31.265,4
-159.600,31.251,4
-159.923,31.198,4
-160.460,31.099,4
-160.468,31.098,4
-160.472,31.097,4
-161.200,30.948,4
-162.000,30.782,4
-162.845,30.604,4
-162.903,30.589,4
-163.039,30.555,4
-163.449,30.454,4
-163.600,30.412,4
-163.766,30.361,4
-164.199,30.179,4
-164.299,30.141,4
-164.349,30.121,4
-164.974,29.745,4
-165.374,29.397,4
-165.764,28.997,4
-166.074,28.500,4
-166.764,28.500,4
-166.800,28.500,4
-166.900,28.400,4
-167.000,28.300,4
-167.544,28.300,4
-167.801,28.300,4
-168.129,28.682,4
-168.529,28.986,4
-169.200,29.289,4
-170.000,29.411,4
-170.800,29.369,4
-171.600,29.273,4
-172.400,29.177,4
-173.200,29.090,4
-174.000,29.011,4
-174.770,28.939,4
-174.820,28.936,4
-175.100,28.919,4
-175.492,28.894,4
-175.600,28.889,4
-176.273,28.903,4
-176.400,28.906,4
-176.753,28.936,4
-177.164,28.971,4
-177.228,28.978,4
-178.000,29.056,4
-178.800,29.142,4
-179.600,29.228,4
-180.400,29.320,4
-181.200,29.360,4
-182.000,29.236,4
-182.667,28.960,4
-183.067,28.705,4
-183.466,28.305,4
-183.866,27.794,4
-184.066,27.500,4
-184.200,27.500,4
-184.600,27.900,4
-184.700,28.000,4
-185.000,28.300,4
-185.147,28.447,4
-185.200,28.500,4
-185.344,28.500,4
-185.391,28.500,4
-185.423,28.500,4
-185.424,28.500,4
-185.424,28.500,4
-185.446,28.530,4
-185.919,29.157,4
-185.962,29.210,4
-186.014,29.262,4
-186.719,29.858,4
-186.753,29.881,4
-186.772,29.893,4
-187.542,30.293,4
-187.584,30.308,4
-188.353,30.527,4
-188.420,30.544,4
-188.445,30.549,4
-189.200,30.706,4
-190.000,30.874,4
-190.762,31.040,4
-190.789,31.046,4
-190.883,31.067,4
-191.600,31.222,4
-192.292,31.310,4
-192.400,31.324,4
-193.071,31.296,4
-193.200,31.292,4
-193.579,31.225,4
-194.038,31.128,4
-194.061,31.122,4
-194.079,31.117,4
-194.082,31.117,4
-194.557,31.113,4
-194.957,31.348,4
-195.420,31.748,4
-195.820,32.186,4
-196.268,32.586,4
-196.668,32.889,4
-197.200,33.169,4
-197.852,33.480,4
-198.252,33.675,4
-198.800,33.899,4
-199.621,34.222,4
-199.674,34.245,4
-199.760,34.292,4
-200.247,34.507,4
-200.342,34.539,4
-201.200,34.873,4
-202.000,35.011,4
-202.800,35.027,4
-203.309,35.110,4
-203.709,35.503,4
-204.070,35.903,4
-204.470,36.375,4
-204.825,36.775,4
-205.225,37.132,4
-205.694,37.532,4
-206.094,37.808,4
-206.666,38.208,4
-207.066,38.496,4
-207.600,38.852,4
-208.070,39.155,4
-208.470,39.394,4
-209.200,39.756,4
-210.000,39.950,4
-210.022,39.956,4
-210.073,39.962,4
-210.820,40.087,4
-210.855,40.093,4
-211.395,40.515,4
-211.771,41.215,4
-211.780,41.234,4
-211.806,41.292,4
-212.172,41.973,4
-212.197,42.015,4
-212.626,42.607,4
-212.977,43.007,4
-213.377,43.427,4
-213.778,43.827,4
-214.178,44.212,4
-214.596,44.612,4
-214.996,44.995,4
-215.415,45.395,4
-215.815,45.777,4
-216.234,46.177,4
-216.634,46.558,4
-217.049,46.958,4
-217.449,47.360,4
-217.807,47.760,4
-218.207,48.244,4
-218.523,48.644,4
-218.956,49.194,4
-218.989,49.235,4
-219.469,49.847,4
-219.587,49.998,4
-219.594,50.007,4
-219.606,50.022,4
-220.186,50.762,4
-220.229,50.816,4
-220.665,51.372,4
-220.979,51.772,4
-221.429,52.345,4
-221.514,52.454,4
-221.949,53.009,4
-222.054,53.141,4
-222.117,53.223,4
-222.456,53.657,4
-222.712,53.983,4
-222.760,54.044,4
-222.838,54.148,4
-223.282,54.763,4
-223.344,54.857,4
-223.770,55.605,4
-223.775,55.614,4
-223.786,55.635,4
-224.181,56.393,4
-224.189,56.409,4
-224.467,56.940,4
-224.603,57.200,4
-224.607,57.208,4
-225.009,57.977,4
-225.014,57.987,4
-225.016,57.991,4
-225.433,58.779,4
-225.452,58.816,4
-225.819,59.516,4
-225.845,59.569,4
-225.857,59.591,4
-226.261,60.362,4
-226.293,60.427,4
-226.605,61.060,4
-226.640,61.152,4
-226.646,61.191,4
-227.020,62.000,4
-227.186,62.426,4
-227.418,62.826,4
-227.743,63.600,4
-227.908,64.287,4
-227.930,64.347,4
-227.951,64.375,4
-227.973,64.420,4
-228.035,64.644,4
-228.164,64.954,4
-228.196,65.059,4
-228.211,65.136,4
-228.563,66.000,4
-228.716,66.675,4
-228.736,66.741,4
-228.759,66.772,4
-228.784,66.825,4
-228.839,67.028,4
-228.959,67.318,4
-228.999,67.447,4
-229.016,67.533,4
-229.422,68.400,4
-229.585,68.849,4
-229.762,69.249,4
-230.069,70.000,4
-230.318,70.691,4
-230.342,70.760,4
-230.580,71.456,4
-230.619,71.574,4
-230.632,71.626,4
-230.837,72.400,4
-230.971,73.182,4
-230.985,73.255,4
-231.039,73.619,4
-231.096,74.000,4
-231.134,74.248,4
-231.218,74.800,4
-231.328,75.500,4
-231.350,75.639,4
-231.355,75.672,4
-231.473,76.400,4
-231.604,77.200,4
-231.737,78.000,4
-231.875,78.726,4
-231.877,78.734,4
-231.882,78.753,4
-232.176,79.598,4
-232.183,79.611,4
-232.498,80.108,4
-232.500,80.110,4
-232.500,80.097,4
-232.500,80.095,4
-232.500,80.091,4
-232.500,80.089,4
-232.500,80.087,4
-232.500,80.078,4
-232.500,80.055,4
-232.500,75.320,4
-232.500,73.721,4
-232.500,73.484,4
-232.500,73.323,4
-232.500,72.689,4
-232.500,72.482,4
-232.500,71.593,4
-232.500,70.351,4
-232.500,70.330,4
-232.382,70.000,4
-232.124,69.253,4
-232.118,69.234,4
-231.801,68.455,4
-231.789,68.426,4
-231.784,68.411,4
-231.428,67.600,4
-231.234,67.110,4
-231.102,66.710,4
-230.890,66.000,4
-230.614,65.200,4
-230.427,64.728,4
-230.299,64.328,4
-230.080,63.600,4
-229.799,62.800,4
-229.618,62.360,4
-229.438,61.960,4
-228.992,61.126,4
-228.989,61.118,4
-228.669,60.481,4
-228.664,60.473,4
-228.661,60.468,4
-228.605,60.346,4
-228.247,59.584,4
-228.233,59.543,4
-228.195,59.484,4
-227.869,58.866,4
-227.844,58.815,4
-227.416,57.976,4
-227.410,57.962,4
-227.393,57.931,4
-227.031,57.244,4
-227.019,57.219,4
-226.603,56.388,4
-226.601,56.380,4
-226.592,56.362,4
-226.223,55.608,4
-226.216,55.594,4
-225.808,54.796,4
-225.807,54.794,4
-225.805,54.791,4
-225.390,54.004,4
-225.388,54.001,4
-224.982,53.358,4
-224.676,52.958,4
-224.243,52.407,4
-224.210,52.365,4
-223.725,51.746,4
-223.612,51.603,4
-223.606,51.594,4
-223.595,51.580,4
-223.013,50.838,4
-222.971,50.784,4
-222.535,50.228,4
-222.221,49.828,4
-221.771,49.255,4
-221.686,49.146,4
-221.251,48.592,4
-221.147,48.459,4
-221.083,48.377,4
-220.736,47.936,4
-220.485,47.617,4
-220.438,47.558,4
-220.363,47.462,4
-219.879,46.850,4
-219.808,46.760,4
-219.361,46.213,4
-218.990,45.813,4
-218.590,45.419,4
-218.169,45.019,4
-217.769,44.639,4
-217.349,44.239,4
-216.949,43.858,4
-216.530,43.458,4
-216.130,43.076,4
-215.644,42.611,4
-215.527,42.499,4
-215.082,42.073,4
-214.901,41.900,4
-214.736,41.739,4
-214.289,41.263,4
-214.205,41.166,4
-213.988,40.863,4
-213.711,40.485,4
-213.649,40.355,4
-213.609,40.068,4
-213.509,39.600,4
-213.226,38.964,4
-213.219,38.948,4
-212.611,38.532,4
-212.211,38.247,4
-211.600,37.957,4
-210.800,38.029,4
-210.000,37.943,4
-209.927,37.928,4
-209.735,37.857,4
-209.258,37.559,4
-209.168,37.453,4
-208.659,37.155,4
-208.418,36.992,4
-208.356,36.952,4
-207.731,36.539,4
-207.650,36.485,4
-207.610,36.459,4
-207.058,36.097,4
-206.658,35.827,4
-206.198,35.427,4
-205.798,34.942,4
-205.504,34.542,4
-205.325,34.000,4
-205.021,33.478,4
-204.395,33.131,4
-204.349,33.106,4
-204.225,33.049,4
-203.600,32.771,4
-203.269,32.759,4
-202.897,32.870,4
-202.803,32.939,4
-202.776,32.960,4
-202.713,32.956,4
-202.000,33.086,4
-201.422,32.880,4
-201.022,32.701,4
-200.400,32.422,4
-199.679,32.095,4
-199.580,32.051,4
-199.009,31.799,4
-198.857,31.731,4
-198.800,31.705,4
-198.020,31.354,4
-197.988,31.339,4
-197.262,30.838,4
-197.212,30.799,4
-197.175,30.741,4
-196.678,29.931,4
-196.671,29.917,4
-196.285,29.452,4
-195.600,29.151,4
-194.898,28.884,4
-194.818,28.854,4
-194.728,28.854,4
-194.022,28.883,4
-193.970,28.912,4
-193.948,28.923,4
-193.922,28.929,4
-193.200,29.183,4
-192.400,29.192,4
-191.621,29.021,4
-191.562,29.009,4
-191.334,28.958,4
-190.800,28.842,4
-190.028,28.683,4
-189.965,28.670,4
-189.945,28.666,4
-189.200,28.514,4
-188.400,28.338,4
-187.811,28.121,4
-187.411,27.806,4
-187.055,27.406,4
-187.079,26.738,4
-187.080,26.735,4
-187.240,26.057,4
-187.240,26.054,4
-187.240,26.053,4
-187.245,25.471,4
-187.016,25.071,4
-186.616,24.640,4
-186.000,24.485,4
-185.283,24.670,4
-185.251,24.673,4
-185.227,24.683,4
-185.180,24.704,4
-184.512,24.691,4
-184.454,24.691,4
-184.384,24.656,4
-184.025,24.631,4
-183.551,24.584,4
-183.509,24.607,4
-183.437,24.635,4
-183.157,24.747,4
-182.995,25.026,4
-182.958,25.093,4
-182.939,25.135,4
-182.626,26.000,4
-182.474,26.497,4
-182.010,26.925,4
-181.995,26.944,4
-181.976,26.963,4
-181.938,26.997,4
-181.478,27.216,4
-181.200,27.236,4
-180.775,27.190,4
-180.400,27.150,4
-179.772,27.082,4
-179.560,27.059,4
-179.515,27.054,4
-178.800,26.977,4
-178.000,26.894,4
-177.200,26.820,4
-176.400,26.751,4
-175.600,26.733,4
-174.800,26.788,4
-174.000,26.863,4
-173.200,26.943,4
-172.364,27.040,4
-172.303,27.047,4
-172.075,27.077,4
-171.706,27.124,4
-171.600,27.137,4
-171.177,27.192,4
-170.800,27.241,4
-170.634,27.260,4
-170.197,27.291,4
-170.023,27.306,4
-169.973,27.310,4
-169.545,27.257,4
-169.147,26.800,4
-168.827,26.091,4
-168.808,26.058,4
-168.804,25.999,4
-168.662,25.308,4
-168.645,25.258,4
-168.203,24.643,4
-167.600,24.509,4
-166.818,24.662,4
-166.817,24.661,4
-166.016,24.627,4
-166.015,24.627,4
-165.138,24.569,4
-165.085,24.598,4
-164.986,24.634,4
-164.732,24.730,4
-164.579,24.982,4
-164.525,25.077,4
-164.503,25.129,4
-164.273,26.000,4
-164.491,26.800,4
-164.276,27.676,4
-164.274,27.682,4
-164.267,27.688,4
-163.995,28.003,4
-163.679,28.136,4
-163.673,28.140,4
-163.667,28.144,4
-162.800,28.419,4
-161.953,28.595,4
-161.892,28.608,4
-161.711,28.645,4
-161.322,28.726,4
-161.200,28.751,4
-160.916,28.810,4
-160.409,28.916,4
-160.375,28.923,4
-160.358,28.926,4
-159.600,29.079,4
-158.800,29.181,4
-157.998,28.979,4
-157.959,28.957,4
-157.875,28.943,4
-157.200,28.767,4
-156.934,28.804,4
-156.399,28.954,4
-156.392,28.957,4
-156.388,28.958,4
-156.385,28.959,4
-155.529,29.307,4
-155.478,29.342,4
-155.363,29.392,4
-155.102,29.519,4
-154.987,29.772,4
-154.948,29.877,4
-154.911,29.935,4
-154.582,30.604,4
-154.065,31.005,4
-154.031,31.028,4
-154.010,31.053,4
-153.978,31.086,4
-153.706,31.251,4
-153.367,31.409,4
-153.299,31.429,4
-153.248,31.440,4
-152.419,31.835,4
-152.408,31.840,4
-152.402,31.847,4
-152.396,31.852,4
-152.031,32.011,4
-151.642,32.192,4
-151.630,32.195,4
-151.617,32.197,4
-151.370,32.315,4
-150.774,32.584,4
-150.745,32.597,4
-150.711,32.612,4
-150.332,32.772,4
-150.001,32.906,4
-149.973,32.917,4
-149.958,32.924,4
-149.944,32.924,4
-149.285,32.926,4
-149.186,32.926,4
-149.181,32.926,4
-149.169,32.924,4
-148.400,32.740,4
-148.019,32.740,4
-147.624,32.858,4
-147.557,32.896,4
-147.522,32.915,4
-147.498,32.928,4
-146.767,33.335,4
-146.747,33.348,4
-146.715,33.365,4
-146.357,33.589,4
-146.226,33.926,4
-146.219,33.955,4
-146.211,33.974,4
-145.935,34.643,4
-145.842,34.860,4
-145.838,34.867,4
-145.836,34.872,4
-145.601,35.209,4
-145.241,35.516,4
-145.201,35.542,4
-145.180,35.559,4
-145.148,35.581,4
-145.074,35.640,4
-144.698,35.932,4
-144.456,36.098,4
-144.386,36.145,4
-144.358,36.164,4
-144.332,36.180,4
-143.983,36.417,4
-143.670,36.599,4
-143.620,36.628,4
-143.597,36.659,4
-143.560,36.699,4
-143.303,36.863,4
-142.802,37.191,4
-142.797,37.195,4
-142.793,37.197,4
-142.788,37.200,4
-142.773,37.211,4
-142.295,37.530,4
-142.057,37.676,4
-141.985,37.717,4
-141.954,37.739,4
-141.926,37.752,4
-141.200,38.072,4
-140.400,37.984,4
-139.553,38.076,4
-139.522,38.096,4
-139.484,38.122,4
-139.139,38.357,4
-138.836,38.569,4
-138.799,38.595,4
-138.784,38.606,4
-138.771,38.619,4
-138.195,39.037,4
-137.995,39.600,4
-137.796,40.406,4
-137.796,40.408,4
-137.795,40.410,4
-137.793,40.414,4
-137.594,40.782,4
-137.277,41.186,4
-137.249,41.220,4
-137.236,41.237,4
-137.217,41.258,4
-137.174,41.309,4
-136.866,41.670,4
-136.575,41.955,4
-136.489,42.038,4
-136.465,42.063,4
-136.436,42.091,4
-136.360,42.164,4
-136.057,42.455,4
-135.728,42.767,4
-135.668,42.825,4
-135.646,42.845,4
-135.629,42.862,4
-135.572,42.916,4
-135.236,43.235,4
-134.871,43.582,4
-134.841,43.610,4
-134.826,43.625,4
-134.812,43.638,4
-134.785,43.664,4
-134.415,44.015,4
-134.013,44.397,4
-134.007,44.402,4
-134.005,44.405,4
-134.002,44.407,4
-133.997,44.412,4
-133.594,44.794,4
-133.210,45.160,4
-133.192,45.176,4
-133.184,45.184,4
-133.175,45.193,4
-133.155,45.212,4
-132.773,45.574,4
-132.402,45.966,4
-132.390,45.979,4
-132.384,45.984,4
-132.379,45.990,4
-132.370,46.001,4
-132.006,46.408,4
-131.719,46.776,4
-131.671,46.839,4
-131.654,46.860,4
-131.629,46.893,4
-131.545,47.001,4
-131.296,47.324,4
-131.125,47.544,4
-131.066,47.620,4
-131.037,47.659,4
-131.007,47.697,4
-130.586,48.242,4
-130.279,48.642,4
-129.859,49.191,4
-129.851,49.202,4
-129.843,49.212,4
-129.829,49.232,4
-129.573,49.566,4
-129.242,49.992,4
-129.227,50.011,4
-129.219,50.021,4
-129.208,50.035,4
-129.182,50.069,4
-128.862,50.479,4
-128.643,50.757,4
-128.603,50.808,4
-128.587,50.828,4
-128.569,50.851,4
-128.146,51.385,4
-127.830,51.785,4
-127.409,52.306,4
-127.381,52.350,4
-127.350,52.381,4
,,
-128.000,30.500,5
-127.600,30.100,5
-127.500,30.000,5
-127.400,29.900,5
-127.000,29.500,5
-126.888,29.388,5
-126.943,29.200,5
-126.979,28.400,5
-126.720,27.600,5
-126.438,27.143,5
-126.031,26.709,5
-126.006,26.674,5
-125.971,26.625,5
-125.887,26.529,5
-125.681,26.302,5
-125.443,26.087,5
-125.330,25.990,5
-125.301,25.951,5
-125.272,25.903,5
-125.192,25.783,5
-124.816,25.421,5
-124.697,25.200,5
-124.632,25.078,5
-124.403,24.521,5
-124.375,24.452,5
-124.370,24.436,5
-124.364,24.426,5
-124.357,24.410,5
-124.053,23.802,5
-123.958,23.600,5
-123.892,23.474,5
-123.620,22.925,5
-123.587,22.864,5
-123.580,22.847,5
-123.574,22.837,5
-123.566,22.820,5
-123.274,22.273,5
-123.054,21.973,5
-122.964,21.887,5
-122.956,21.831,5
-122.927,21.791,5
-122.773,21.454,5
-122.655,21.254,5
-122.643,21.200,5
-122.640,21.129,5
-122.627,20.716,5
-122.598,20.408,5
-122.592,20.372,5
-122.667,19.600,5
-122.542,18.866,5
-122.372,18.466,5
-122.080,18.000,5
-121.798,17.502,5
-121.872,17.428,5
-121.899,17.401,5
-121.905,17.395,5
-122.000,17.300,5
-122.300,17.000,5
-122.300,16.400,5
-122.300,16.000,5
-122.500,15.800,5
-122.700,15.600,5
-123.000,15.300,5
-123.300,15.000,5
-123.400,14.900,5
-123.409,14.891,5
-123.818,14.482,5
-123.900,14.400,5
-121.672,14.400,5
-121.638,14.400,5
-121.294,14.400,5
-120.899,14.400,5
-119.691,14.400,5
-119.674,14.600,5
-119.656,14.800,5
-119.585,15.600,5
-119.514,16.400,5
-119.444,17.200,5
-119.573,18.000,5
-119.869,18.474,5
-120.328,18.874,5
-120.594,19.600,5
-120.266,20.356,5
-119.958,20.756,5
-119.938,21.200,5
-119.980,21.659,5
-120.334,22.043,5
-120.346,22.075,5
-120.367,22.133,5
-120.485,22.470,5
-120.616,22.736,5
-120.626,22.800,5
-120.761,23.215,5
-120.974,23.617,5
-121.056,23.685,5
-121.071,23.726,5
-121.094,23.769,5
-121.246,24.160,5
-121.355,24.349,5
-121.362,24.400,5
-121.546,24.806,5
-121.748,25.181,5
-121.855,25.271,5
-121.881,25.319,5
-121.913,25.377,5
-122.179,26.014,5
-122.210,26.070,5
-122.330,26.530,5
-122.642,26.930,5
-123.042,27.398,5
-123.600,27.601,5
-124.249,27.804,5
-124.649,28.139,5
-125.001,28.539,5
-125.001,29.075,5
-124.678,29.475,5
-124.511,30.000,5
-124.633,30.684,5
-124.869,31.084,5
-125.188,31.600,5
-125.519,32.128,5
-125.772,32.528,5
-126.172,33.162,5
-126.485,33.562,5
-126.885,33.688,5
-127.430,33.688,5
-127.830,33.535,5
-128.400,33.318,5
-129.200,33.013,5
-129.678,32.830,5
-130.078,32.677,5
-130.800,32.402,5
-131.527,32.125,5
-131.927,31.972,5
-132.400,31.792,5
-133.200,31.487,5
-133.777,31.267,5
-134.177,31.116,5
-134.800,30.880,5
-135.622,30.570,5
-135.667,30.552,5
-135.750,30.520,5
-136.296,30.314,5
-136.368,30.287,5
-137.200,29.973,5
-137.896,29.711,5
-138.296,29.561,5
-138.800,29.372,5
-139.600,29.071,5
-140.161,28.861,5
-140.521,28.400,5
-140.558,27.600,5
-140.242,26.800,5
-140.043,26.286,5
-139.891,25.886,5
-139.630,25.200,5
-139.339,24.434,5
-139.187,24.034,5
-139.022,23.600,5
-138.718,22.800,5
-138.483,22.182,5
-138.331,21.782,5
-138.109,21.200,5
-137.779,20.463,5
-137.553,20.063,5
-137.153,19.670,5
-136.725,19.270,5
-136.325,18.897,5
-135.900,18.497,5
-135.500,18.098,5
-135.108,17.698,5
-134.708,17.249,5
-134.357,16.849,5
-133.957,16.416,5
-133.585,16.016,5
-133.162,15.571,5
-133.126,15.533,5
-133.005,15.405,5
-132.608,14.987,5
-132.494,14.868,5
-132.463,14.835,5
-132.050,14.400,5
-130.833,14.400,5
-128.900,14.400,5
-128.961,14.461,5
-129.000,14.500,5
-129.363,14.500,5
-129.432,14.564,5
-129.821,14.964,5
-130.221,15.386,5
-130.605,15.786,5
-131.005,16.205,5
-131.385,16.605,5
-131.785,17.026,5
-132.163,17.426,5
-132.563,17.857,5
-132.929,18.257,5
-133.329,18.697,5
-133.697,19.097,5
-134.097,19.509,5
-134.493,19.909,5
-134.893,20.293,5
-135.314,20.693,5
-135.714,21.128,5
-136.047,21.528,5
-136.260,22.000,5
-136.578,22.800,5
-136.765,23.292,5
-136.917,23.692,5
-137.186,24.400,5
-137.469,25.144,5
-137.621,25.544,5
-137.726,25.774,5
-137.579,25.922,5
-137.500,26.000,5
-137.500,26.200,5
-137.500,27.000,5
-137.100,27.400,5
-137.000,27.500,5
-136.900,27.600,5
-136.500,28.000,5
-136.486,28.014,5
-136.447,28.053,5
-136.354,28.146,5
-136.344,28.150,5
-135.600,28.431,5
-134.911,28.691,5
-134.511,28.842,5
-134.000,29.035,5
-133.200,29.337,5
-132.653,29.545,5
-132.253,29.696,5
-131.600,29.945,5
-130.746,30.269,5
-130.745,30.270,5
-130.056,30.532,5
-130.054,30.532,5
-130.053,30.533,5
-129.314,30.814,5
-129.314,30.814,5
-129.188,30.688,5
-129.000,30.500,5
-128.200,30.500,5
-128.000,30.500,5
,,
-222.282,11.954,6
-221.882,12.134,6
-221.322,12.534,6
-220.941,12.900,6
-231.648,12.900,6
-231.516,12.400,6
-231.270,11.954,6
-230.800,11.907,6
-230.000,11.908,6
-229.200,11.908,6
-228.400,11.908,6
-227.600,11.908,6
-226.800,11.908,6
-226.000,11.908,6
-225.200,11.908,6
-224.400,11.908,6
-223.600,11.908,6
-222.800,11.909,6
-222.282,11.954,6
,,
-116.314,80.100,7
-116.157,80.332,7
-116.148,80.400,7
-116.066,80.951,7
-116.046,81.200,7
-116.025,81.627,7
-115.993,82.000,7
-116.271,82.681,7
-116.282,82.741,7
-116.316,82.775,7
-116.742,83.333,7
-116.922,83.733,7
-117.045,84.400,7
-117.044,85.200,7
-117.044,86.000,7
-117.043,86.800,7
-117.043,87.600,7
-117.008,88.400,7
-116.887,88.894,7
-116.447,89.294,7
-116.073,89.921,7
-116.069,89.923,7
-116.068,89.928,7
-116.067,89.933,7
-116.033,90.533,7
-116.020,90.800,7
-116.076,91.347,7
-116.098,91.600,7
-116.324,92.104,7
-116.429,92.351,7
-116.503,92.416,7
-116.860,92.837,7
-117.154,93.178,7
-117.208,93.231,7
-117.285,93.404,7
-117.498,93.881,7
-117.500,93.886,7
-117.500,89.561,7
-117.500,89.438,7
-117.500,89.158,7
-117.500,88.427,7
-117.500,86.891,7
-117.500,83.455,7
-117.500,78.322,7
-117.498,78.332,7
-117.428,78.621,7
-117.399,78.753,7
-117.387,78.798,7
-117.030,79.408,7
-116.485,79.812,7
-116.441,79.845,7
-116.428,79.881,7
-116.314,80.100,7
,,
-172.303,18.800,8
-172.100,18.228,8
-171.776,17.828,8
-171.376,17.480,8
-170.800,17.264,8
-170.000,17.274,8
-169.462,17.490,8
-169.029,18.055,8
-169.022,18.065,8
-169.015,18.077,8
-168.805,18.414,8
-168.702,18.741,8
-168.699,18.752,8
-168.696,18.758,8
-168.694,18.768,8
-168.567,19.600,8
-168.684,20.254,8
-168.908,20.654,8
-169.308,21.077,8
-169.948,21.473,8
-169.956,21.484,8
-169.968,21.487,8
-169.987,21.494,8
-170.808,21.521,8
-170.841,21.521,8
-170.873,21.513,8
-171.238,21.298,8
-171.644,21.065,8
-171.676,21.038,8
-172.128,20.467,8
-172.144,20.436,8
-172.368,19.600,8
-172.303,18.800,8
,,
-179.259,18.600,9
-179.161,19.000,9
-179.164,19.651,9
-179.164,19.655,9
-179.164,19.661,9
-179.199,19.991,9
-179.366,20.328,9
-179.369,20.334,9
-179.370,20.338,9
-179.373,20.343,9
-179.807,20.988,9
-180.415,21.403,9
-180.417,21.405,9
-180.419,21.406,9
-180.423,21.409,9
-181.032,21.554,9
-181.200,21.552,9
-181.705,21.357,9
-181.940,21.266,9
-181.992,21.229,9
-182.459,20.873,9
-182.687,20.400,9
-182.856,19.600,9
-182.808,18.800,9
-182.579,18.105,9
-182.292,17.705,9
-181.892,17.410,9
-181.200,17.179,9
-180.348,17.354,9
-180.313,17.376,9
-180.255,17.405,9
-179.961,17.561,9
-179.730,17.850,9
-179.689,17.905,9
-179.667,17.937,9
-179.259,18.600,9
,,
-129.951,12.291,10
-130.442,12.759,10
-130.584,12.900,10
-119.833,12.900,10
-119.888,12.400,10
-119.970,11.968,10
-120.400,11.921,10
-121.200,11.908,10
-122.000,11.908,10
-122.800,11.908,10
-123.600,11.908,10
-124.400,11.908,10
-125.200,11.908,10
-126.000,11.908,10
-126.800,11.908,10
-127.600,11.908,10
-128.400,11.909,10
-129.199,11.933,10
-129.271,11.938,10
-129.409,11.959,10
-129.825,12.172,10
-129.951,12.291,10
,,
-167.751,152.193,11
-168.037,152.038,11
-168.226,151.755,11
-168.262,151.700,11
-168.281,151.666,11
-168.288,151.649,11
-168.401,151.400,11
-167.375,151.400,11
-161.890,151.400,11
-162.005,151.599,11
-162.038,151.666,11
-162.144,151.814,11
-162.584,152.174,11
-162.731,152.242,11
-162.798,152.245,11
-163.600,152.313,11
-164.145,152.101,11
-164.545,151.787,11
-165.200,151.689,11
-165.750,151.901,11
-166.150,152.137,11
-166.800,152.370,11
-167.659,152.247,11
-167.694,152.224,11
-167.751,152.193,11
,,
-232.445,86.800,12
-232.444,87.600,12
-232.466,88.400,12
-232.500,88.568,12
-232.500,88.477,12
-232.500,88.408,12
-232.500,88.378,12
-232.500,88.336,12
-232.500,88.303,12
-232.500,88.293,12
-232.500,88.262,12
-232.500,88.223,12
-232.500,88.191,12
-232.500,88.155,12
-232.500,88.125,12
-232.500,87.377,12
-232.500,83.955,12
-232.442,84.400,12
-232.442,85.200,12
-232.445,86.000,12
-232.445,86.800,12
,,
-117.500,99.507,13
-117.500,99.722,13
-117.482,99.600,13
-117.500,99.507,13
,,
-234.000,99.474,14
-234.000,99.944,14
-234.045,99.600,14
-234.000,99.474,14
,,
