Configuration,Language,File Path,Successfully Extracted,Failure Reason
/language:actions,GitHub Actions,.github/workflows/ci.yml,true,""
/language:actions,GitHub Actions,.github/workflows/devskim.yml,true,""
/language:actions,GitHub Actions,.github/workflows/stale-branches.yml,true,""
/language:actions,GitHub Actions,.github/workflows/super-linter.yml,true,""
/language:c-cpp,C,avionics/firmware/cn/src/si5351.h,true,""
/language:c-cpp,C,avionics/firmware/fc/src/bmon_ina2xx.h,true,""
/language:c-cpp,C,avionics/firmware/fc/src/cell_mon_bq769x0.h,true,""
/language:c-cpp,C,avionics/firmware/common/src/sbus_input.c,true,""
/language:c-cpp,C,avionics/firmware/cn/src/si5351.c,true,""
/language:c-cpp,C,gcs/skipper/firmware/pb2i/src/skipper_gimbal.c,true,""
/language:c-cpp,C,gcs/skipper/firmware/pb2i/src/skipper_gimbal.h,true,""
/language:c-cpp,C,avionics/firmware/fc/src/mag_qmc5883l.c,true,""
/language:c-cpp,C,avionics/firmware/fc/src/pwr_fault.h,true,""
/language:c-cpp,C,avionics/firmware/fc/src/cell_mon_bq769x0.c,true,""
/language:c-cpp,C,avionics/firmware/fc/src/mag_mmc5983ma.h,true,""
/language:c-cpp,C,avionics/firmware/fc/src/pwr_fault.c,true,""
/language:c-cpp,C,gcs/skipper/firmware/pb2i/src/skipper_telemetry.c,true,""
/language:c-cpp,C,gcs/skipper/firmware/pb2i/src/skipper_telemetry.h,true,""
/language:c-cpp,C,avionics/firmware/fc/src/mag_qmc5883l.h,true,""
/language:c-cpp,C,avionics/firmware/fc/src/main.c,true,""
/language:c-cpp,C,avionics/firmware/fc/src/mag_mmc5983ma.c,true,""
/language:c-cpp,C,avionics/firmware/common/include/kiss_types.h,true,""
/language:c-cpp,C,avionics/firmware/common/include/sbus_input.h,true,""
/language:c-cpp,C,avionics/firmware/cn/src/xcvr_kiss.c,true,""
/language:c-cpp,C,avionics/firmware/cn/src/xcvr_kiss.h,true,""
/language:c-cpp,C,gcs/skipper/firmware/pb2i/src/skipper_config.h,true,""
/language:c-cpp,C,avionics/firmware/fc/src/bmon_ina2xx.c,true,""
/language:c-cpp,C,avionics/firmware/common/include/ax25_types.h,true,""
/language:c-cpp,C,avionics/firmware/cn/src/main.c,true,""
/language:c-cpp,C,avionics/firmware/fc/src/governor_config.h,false,""
/language:c-cpp,C,avionics/firmware/common/include/failsafe_config.h,false,""
/language:javascript-typescript,JavaScript,archives/serenity/src/App.js,true,""
/language:javascript-typescript,JavaScript,archives/serenity/src/App.test.js,true,""
/language:javascript-typescript,JavaScript,archives/serenity/src/index.js,true,""
/language:javascript-typescript,JavaScript,archives/serenity/src/reportWebVitals.js,true,""
/language:javascript-typescript,JavaScript,archives/serenity/src/setupTests.js,true,""
/language:javascript-typescript,GitHub Actions,.github/workflows/super-linter.yml,true,""
/language:javascript-typescript,GitHub Actions,.github/workflows/ci.yml,true,""
/language:javascript-typescript,GitHub Actions,.github/workflows/devskim.yml,true,""
/language:javascript-typescript,GitHub Actions,.github/workflows/stale-branches.yml,true,""
/language:python,Python,archives/avionics-archives/kicad-archives/archive/gen_cape_b2.py,true,""
/language:python,Python,avionics/kicad/Pilot/scripts/gen_pilot_sch.py,true,""
/language:python,Python,airframe/blender-scripts/blender_middle_intake_cut.py,true,""
/language:python,Python,avionics/kicad/generate_gerbers_rev_s1.py,true,""
/language:python,Python,graphical-build-guide/gen_hull_outlines.py,true,""
/language:python,Python,gcs/skipper/software/tracking/src/tracker.py,true,""
/language:python,Python,tools/export-specctra-dsn.py,true,""
/language:python,Python,airframe/stls/fuselage/cargo/generate_cargo_doors.py,true,""
/language:python,Python,airframe/FreeCAD-scripts/make_flat_pattern.py,true,""
/language:python,Python,avionics/kicad/Observer/gen_vera_ds_footprints.py,true,""
/language:python,Python,avionics/kicad/CAN-PERIPH-GW-1/scripts/gen_can_periph_gw_pcb.py,true,""
/language:python,Python,airframe/FreeCAD-scripts/serenity_placeholders_assembly.py,true,""
/language:python,Python,archives/airframe-archives/archive/blender-scripts/generate_hollow_shells.py,true,""
/language:python,Python,archives/avionics-archives/kicad-archives/archive/gen_cape_b2_pcb.py,true,""
/language:python,Python,avionics/kicad/fix_starved_thermal_pads.py,true,""
/language:python,Python,tools/precommit_sanitize.py,true,""
/language:python,Python,tools/build_landing_gear_views.py,true,""
/language:python,Python,airframe/FreeCAD-scripts/faraday-enclosure.py,true,""
/language:python,Python,airframe/blender-scripts/make_shuttle_text.py,true,""
/language:python,Python,archives/airframe-archives/archive/FreeCAD-scripts/Serenity-Subsystem-Assembly.py,true,""
/language:python,Python,avionics/kicad/Observer/gen_vera_bth060_footprint.py,true,""
/language:python,Python,avionics/kicad/FlightEngineer/scripts/mod_flight_engineer_pcb_revs1.py,true,""
/language:python,Python,airframe/stls/fuselage/cargo/generate_cargo_hinge_retention.py,true,""
/language:python,Python,airframe/blender-scripts/hollow_manifold.py,true,""
/language:python,Python,tools/build_head_shell.py,true,""
/language:python,Python,tools/validate_kicad.py,true,""
/language:python,Python,airframe/blender-scripts/blender_nacelle_revo.py,true,""
/language:python,Python,airframe/blender-scripts/finalize_cargo_middle.py,true,""
/language:python,Python,archives/avionics-archives/kicad-archives/archive/gen_cape_a2_pcb.py,true,""
/language:python,Python,avionics/kicad/Observer/scripts/gen_observer_ksz_symbol.py,true,""
/language:python,Python,avionics/kicad/Observer/scripts/mod_observer_som_place.py,true,""
/language:python,Python,avionics/kicad/check_impedance.py,true,""
/language:python,Python,graphical-build-guide/update_overview_paths.py,true,""
/language:python,Python,airframe/blender-scripts/finalize_head_rear.py,true,""
/language:python,Python,archives/airframe-archives/archive/FreeCAD-scripts/serenity_fuselage_asm4.py,true,""
/language:python,Python,avionics/kicad/Observer/scripts/gen_observer_bth060_footprint.py,true,""
/language:python,Python,avionics/kicad/add_sensors_sbus.py,true,""
/language:python,Python,tools/compact_bom_entries.py,true,""
/language:python,Python,airframe/placeholders/generate_placeholders.py,true,""
/language:python,Python,avionics/kicad/Pilot/scripts/mod_pilot_pcb_reconcile.py,true,""
/language:python,Python,avionics/kicad/Observer/mod_vera_trapezoid.py,true,""
/language:python,Python,avionics/kicad/Observer/scripts/gen_observer_som_pcm071.py,true,""
/language:python,Python,avionics/kicad/Observer/scripts/gen_observer_ic_symbols.py,true,""
/language:python,Python,avionics/kicad/complete_xcvr_49mhz2.py,true,""
/language:python,Python,graphical-build-guide/probe_stl.py,true,""
/language:python,Python,tools/precommit_kicad_load.py,true,""
/language:python,Python,archives/generate_foam_svgs.py,true,""
/language:python,Python,tools/precommit_index.py,true,""
/language:python,Python,archives/airframe-archives/archive/blender-scripts/generate_shells_v2.py,true,""
/language:python,Python,airframe/FreeCAD-scripts/freecad-stl2part.py,true,""
/language:python,Python,airframe/blender-scripts/make_bay_text.py,true,""
/language:python,Python,airframe/blender-scripts/blender_intake_cut.py,true,""
/language:python,Python,avionics/kicad/Commo/scripts/mod_commo_pcb.py,true,""
/language:python,Python,avionics/kicad/Observer/scripts/gen_observer_ds_footprints.py,true,""
/language:python,Python,tools/open_mating_faces.py,true,""
/language:python,Python,airframe/blender-scripts/morph_open_voxel.py,true,""
/language:python,Python,airframe/blender-scripts/fill_thin_details.py,true,""
/language:python,Python,tools/landing_gear_r6_sizing.py,true,""
/language:python,Python,tools/import-specctra-ses.py,true,""
/language:python,Python,avionics/kicad/Observer/mod_vera_corners.py,true,""
/language:python,Python,airframe/blender-scripts/blender_shells_v3.py,true,""
/language:python,Python,airframe/blender-scripts/engrave_plaques.py,true,""
/language:python,Python,archives/airframe-archives/archive/FreeCAD-scripts/assembly1.py,true,""
/language:python,Python,avionics/kicad/Observer/gen_vera_som_pcm071.py,true,""
/language:python,Python,airframe/blender-scripts/repair_shells_for_scad.py,true,""
/language:python,Python,airframe/blender-scripts/blender_shells_2mm_solidify.py,true,""
/language:python,Python,archives/airframe-archives/archive/blender-scripts/blender_shells_v3_2mm.py,true,""
/language:python,Python,avionics/kicad/fix_pilot_xo_isolators.py,true,""
/language:python,Python,avionics/kicad/Observer/scripts/gen_observer_carrier_sch.py,true,""
/language:python,Python,avionics/kicad/FlightEngineer/scripts/gen_flight_engineer_revs1.py,true,""
/language:python,Python,avionics/kicad/apply_netlist.py,true,""
/language:python,Python,avionics/kicad/gen_enc_nacelle_pcb.py,true,""
/language:python,Python,airframe/blender-scripts/serenity_render_views.py,true,""
/language:python,Python,avionics/kicad/retarget_mspm0g351x_slb9672.py,true,""
/language:python,Python,avionics/kicad/fix_xcvr_labels.py,true,""
/language:python,Python,gcs/skipper/software/tracking/src/gimbal_ctrl.py,true,""
/language:python,Python,airframe/stls/fuselage/cargo/generate_cargo_mounts.py,true,""
/language:python,Python,airframe/blender-scripts/add_structural_features.py,true,""
/language:python,Python,avionics/kicad/FlightEngineer/scripts/fix_flight_engineer_pin_snap.py,true,""
/language:python,Python,avionics/kicad/replace_footprints.py,true,""
/language:python,Python,airframe/blender-scripts/verify_shells.py,true,""
/language:python,Python,avionics/kicad/complete_1_2b.py,true,""
/language:python,Python,avionics/kicad/Observer/scripts/gen_observer_pcb.py,true,""
/language:python,Python,avionics/kicad/FlightEngineer/scripts/inject_flight_engineer_trust_module.py,true,""
/language:python,Python,avionics/kicad/CAN-PERIPH-GW-1/scripts/route_can_periph_gw_pcb.py,true,""
/language:python,Python,airframe/blender-scripts/generate_overview_svgs.py,true,""
/language:python,Python,archives/airframe-archives/archive/blender-scripts/blender_shells_v3_50mm.py,true,""
/language:python,Python,avionics/kicad/Observer/mod_vera_som_place.py,true,""
/language:python,Python,avionics/kicad/generate_gerbers.py,true,""
/language:python,Python,airframe/blender-scripts/blender_hollow_shells.py,true,""
/language:python,Python,archives/airframe-archives/archive/FreeCAD-scripts/Serenity-Assemble.py,true,""
/language:python,Python,avionics/kicad/Observer/mod_vera_ds_pcb.py,true,""
/language:python,Python,avionics/kicad/retarget_pcb_footprints.py,true,""
/language:python,Python,avionics/kicad/Observer/scripts/gen_observer_som_symbol.py,true,""
/language:python,Python,avionics/kicad/Observer/scripts/mod_observer_corners.py,true,""
/language:python,Python,tools/validate_stls.py,true,""
/language:python,Python,airframe/blender-scripts/merge_head_interior.py,true,""
/language:python,Python,avionics/kicad/Observer/scripts/mod_observer_ds_pcb.py,true,""
/language:python,Python,gcs/skipper/software/tracking/tests/test_tracker.py,true,""
/language:python,Python,airframe/FreeCAD-scripts/serenity_assembly.py,true,""
/language:python,Python,airframe/blender-scripts/engrave_shuttles.py,true,""
/language:python,Python,avionics/kicad/Commo/scripts/route_commo_rssi.py,true,""
/language:python,Python,avionics/kicad/CAN-PERIPH-GW-1/scripts/gen_can_periph_gw_sch.py,true,""
/language:python,Python,airframe/blender-scripts/check_nacelle_alignment.py,true,""
/language:python,Python,archives/airframe-archives/archive/blender-scripts/blender_nacelle_integrated_v2.py,true,""
/language:python,Python,avionics/kicad/FlightEngineer/scripts/fix_flight_engineer_yinv.py,true,""
/language:python,Python,airframe/gcode/davinci-jr-proto/xyz_wrap.py,true,""
/language:python,Python,airframe/blender-scripts/blender_stator_gen.py,true,""
/language:python,Python,airframe/blender-scripts/regen_rear_interior.py,true,""
/language:python,Python,avionics/kicad/Commo/scripts/cleanup_commo_drc.py,true,""
/language:python,Python,avionics/kicad/Commo/scripts/inject_commo_tpm.py,true,""
/language:python,Python,avionics/kicad/FlightEngineer/scripts/gen_flight_engineer_pcb.py,true,""
/language:python,Python,tools/bake_hull_frame.py,true,""
/language:python,Python,airframe/blender-scripts/blender_edf_bore_and_petals.py,true,""
/language:python,Python,airframe/blender-scripts/merge_cargo_interior.py,true,""
/language:python,Python,archives/airframe-archives/archive/FreeCAD-scripts/serenity_subsystem_assembler.py,true,""
/language:python,Python,archives/airframe-archives/archive/blender-scripts/blender_nacelle_integrated_v1.py,true,""
/language:python,Python,archives/avionics-archives/kicad-archives/archive/gen_cape_a2.py,true,""
/language:python,Python,avionics/kicad/Commo/scripts/gen_commo_sch.py,true,""
/language:python,Python,airframe/stls/fuselage/generate_conforming_collars.py,true,""
/language:python,Python,avionics/kicad/Observer/scripts/gen_observer.py,true,""
/language:python,Python,avionics/kicad/add_eth_phy.py,true,""
/language:python,Python,gcs/skipper/software/tracking/src/telemetry_feed.py,true,""
/language:python,Python,avionics/kicad/Observer/scripts/gen_observer_carrier_pcb.py,true,""
/language:python,Python,avionics/kicad/Observer/scripts/mod_observer_trapezoid.py,true,""
/language:python,Python,avionics/firmware/fc/tools/governor_cal.py,true,""
/language:python,Python,airframe/blender-scripts/blender_nozzle_gen.py,true,""
/language:python,Python,airframe/blender-scripts/inspect_shell_center.py,true,""
/language:python,Python,avionics/kicad/FlightEngineer/scripts/gen_flight_engineer.py,true,""
/language:python,Python,avionics/kicad/FlightEngineer/scripts/fix_flight_engineer_revs1_cleanup.py,true,""
/language:python,Python,tools/add_landing_gear_bosses.py,true,""
/language:python,Python,tools/verify_bow_pod.py,true,""
/language:python,GitHub Actions,.github/workflows/ci.yml,true,""
/language:python,GitHub Actions,.github/workflows/devskim.yml,true,""
/language:python,GitHub Actions,.github/workflows/stale-branches.yml,true,""
/language:python,GitHub Actions,.github/workflows/super-linter.yml,true,""
